true,restored,edge_type
"['10.1590/S0102-695X2007000300003', 'Antioxidant']","['10.1590/S0102-695X2007000300003', ['Antioxidant', 'Cytotoxic', 'Inhibition of Glycosidase', 'Antifungal', 'Antitrypanosomal', 'Anticancer', 'Antiangiogenic', 'Inhibition of Acetylcholinesterase', 'Antimalarial', 'Inhibition of Myeloperoxodase', 'Antiviral', 'Inhibition of Protease', 'Antibacterial', 'Antiallergenic', 'Anti-inflamatory', 'Anxiolytic', 'Insecticidal', 'Molluscicidal', 'Inhibition of Cathepsin V', 'Antileishmanial', 'Inhibition of uncoupled electron transport', 'Inhibition of phosphorylating electron transport', 'Inhibition of ATP synthesis', 'Inhibition of basal electron transport', 'Cell growth inhbition', 'Antinociceptive', 'Antichagasic', 'Inhibition of Cathepsin L', 'Mutagenic', 'Genotoxic', 'Insect antennae response', 'Anesthetic', 'Inhibition of Cathepsin B']]",doi_bioActivity
"['10.1016/j.phytol.2010.11.003', 'Antifungal']","['10.1016/j.phytol.2010.11.003', ['Antioxidant', 'Cytotoxic', 'Inhibition of Glycosidase', 'Antifungal', 'Antitrypanosomal', 'Antimalarial', 'Inhibition of Myeloperoxodase', 'Inhibition of Acetylcholinesterase', 'Anticancer', 'Antiangiogenic', 'Anti-inflamatory', 'Antiviral', 'Inhibition of Protease', 'Molluscicidal', 'Antibacterial', 'Antiallergenic', 'Inhibition of Cathepsin V', 'Inhibition of uncoupled electron transport', 'Inhibition of phosphorylating electron transport', 'Inhibition of ATP synthesis', 'Inhibition of basal electron transport', 'Anxiolytic', 'Antileishmanial', 'Cell growth inhbition', 'Insecticidal', 'Antinociceptive', 'Antichagasic', 'Inhibition of Cathepsin L', 'Mutagenic', 'Genotoxic', 'Insect antennae response', 'Anesthetic', 'Inhibition of Cathepsin B']]",doi_bioActivity
"['10.1016/j.tiv.2008.01.003', 'Cytotoxic']","['10.1016/j.tiv.2008.01.003', ['Cytotoxic', 'Antitrypanosomal', 'Antioxidant', 'Anticancer', 'Inhibition of Glycosidase', 'Antifungal', 'Inhibition of Acetylcholinesterase', 'Antiallergenic', 'Antiangiogenic', 'Antimalarial', 'Anxiolytic', 'Antiviral', 'Inhibition of Protease', 'Inhibition of Myeloperoxodase', 'Anti-inflamatory', 'Cell growth inhbition', 'Insecticidal', 'Inhibition of Cathepsin V', 'Molluscicidal', 'Inhibition of uncoupled electron transport', 'Inhibition of phosphorylating electron transport', 'Inhibition of ATP synthesis', 'Inhibition of basal electron transport', 'Antileishmanial', 'Antibacterial', 'Antinociceptive', 'Antichagasic', 'Inhibition of Cathepsin L', 'Mutagenic', 'Genotoxic', 'Insect antennae response', 'Anesthetic', 'Inhibition of Cathepsin B']]",doi_bioActivity
"['10.1093/mutage/gep034', 'Mutagenic']","['10.1093/mutage/gep034', ['Inhibition of Glycosidase', 'Cytotoxic', 'Antioxidant', 'Antitrypanosomal', 'Inhibition of Acetylcholinesterase', 'Anticancer', 'Antifungal', 'Antiallergenic', 'Antimalarial', 'Anxiolytic', 'Cell growth inhbition', 'Inhibition of Myeloperoxodase', 'Antiangiogenic', 'Inhibition of phosphorylating electron transport', 'Inhibition of uncoupled electron transport', 'Inhibition of ATP synthesis', 'Inhibition of basal electron transport', 'Antileishmanial', 'Anti-inflamatory', 'Antiviral', 'Inhibition of Protease', 'Insecticidal', 'Antibacterial', 'Inhibition of Cathepsin V', 'Molluscicidal', 'Antinociceptive', 'Antichagasic', 'Inhibition of Cathepsin L', 'Mutagenic', 'Genotoxic', 'Insect antennae response', 'Anesthetic', 'Inhibition of Cathepsin B']]",doi_bioActivity
"['10.1590/S0103-50532009000400008', 'Antitrypanosomal']","['10.1590/S0103-50532009000400008', ['Inhibition of Acetylcholinesterase', 'Antioxidant', 'Inhibition of Glycosidase', 'Cytotoxic', 'Antitrypanosomal', 'Antifungal', 'Antiangiogenic', 'Anticancer', 'Antimalarial', 'Cell growth inhbition', 'Anti-inflamatory', 'Inhibition of Myeloperoxodase', 'Inhibition of Protease', 'Antiviral', 'Antiallergenic', 'Inhibition of uncoupled electron transport', 'Inhibition of phosphorylating electron transport', 'Inhibition of basal electron transport', 'Inhibition of ATP synthesis', 'Inhibition of Cathepsin V', 'Anxiolytic', 'Insecticidal', 'Molluscicidal', 'Antibacterial', 'Antinociceptive', 'Antileishmanial', 'Antichagasic', 'Inhibition of Cathepsin L', 'Mutagenic', 'Genotoxic', 'Insect antennae response', 'Anesthetic', 'Inhibition of Cathepsin B']]",doi_bioActivity
"['10.1590/S0100-40422005000600011', 'Antifungal']","['10.1590/S0100-40422005000600011', ['Insecticidal', 'Antifungal', 'Antitrypanosomal', 'Cytotoxic', 'Inhibition of Acetylcholinesterase', 'Inhibition of Glycosidase', 'Antioxidant', 'Antiangiogenic', 'Anticancer', 'Antimalarial', 'Inhibition of Myeloperoxodase', 'Antiviral', 'Inhibition of Protease', 'Antiallergenic', 'Anxiolytic', 'Antileishmanial', 'Inhibition of Cathepsin V', 'Molluscicidal', 'Inhibition of uncoupled electron transport', 'Inhibition of phosphorylating electron transport', 'Inhibition of basal electron transport', 'Inhibition of ATP synthesis', 'Anti-inflamatory', 'Antibacterial', 'Cell growth inhbition', 'Antinociceptive', 'Antichagasic', 'Inhibition of Cathepsin L', 'Mutagenic', 'Genotoxic', 'Insect antennae response', 'Anesthetic', 'Inhibition of Cathepsin B']]",doi_bioActivity
"['10.1021/np4006822', 'Cytotoxic']","['10.1021/np4006822', ['Antioxidant', 'Inhibition of Glycosidase', 'Antitrypanosomal', 'Cytotoxic', 'Inhibition of Acetylcholinesterase', 'Antimalarial', 'Antifungal', 'Inhibition of Myeloperoxodase', 'Anticancer', 'Inhibition of phosphorylating electron transport', 'Inhibition of uncoupled electron transport', 'Inhibition of ATP synthesis', 'Inhibition of basal electron transport', 'Antiangiogenic', 'Anti-inflamatory', 'Cell growth inhbition', 'Anxiolytic', 'Inhibition of Protease', 'Antiviral', 'Molluscicidal', 'Inhibition of Cathepsin V', 'Antiallergenic', 'Antileishmanial', 'Insecticidal', 'Antibacterial', 'Antinociceptive', 'Antichagasic', 'Inhibition of Cathepsin L', 'Mutagenic', 'Genotoxic', 'Insect antennae response', 'Anesthetic', 'Inhibition of Cathepsin B']]",doi_bioActivity
"['10.1590/S0102-695X2009000100002', 'Antitrypanosomal']","['10.1590/S0102-695X2009000100002', ['Cytotoxic', 'Antitrypanosomal', 'Inhibition of Acetylcholinesterase', 'Inhibition of Glycosidase', 'Antioxidant', 'Antiangiogenic', 'Antifungal', 'Anticancer', 'Antiviral', 'Inhibition of Protease', 'Antimalarial', 'Antiallergenic', 'Insecticidal', 'Anxiolytic', 'Inhibition of Myeloperoxodase', 'Inhibition of uncoupled electron transport', 'Inhibition of phosphorylating electron transport', 'Inhibition of basal electron transport', 'Inhibition of ATP synthesis', 'Anti-inflamatory', 'Cell growth inhbition', 'Antileishmanial', 'Molluscicidal', 'Inhibition of Cathepsin V', 'Antibacterial', 'Antinociceptive', 'Antichagasic', 'Inhibition of Cathepsin L', 'Mutagenic', 'Genotoxic', 'Insect antennae response', 'Anesthetic', 'Inhibition of Cathepsin B']]",doi_bioActivity
"['10.1590/S0102-695X2012005000106', 'Cytotoxic']","['10.1590/S0102-695X2012005000106', ['Antitrypanosomal', 'Cytotoxic', 'Antifungal', 'Inhibition of Glycosidase', 'Insecticidal', 'Antioxidant', 'Inhibition of Acetylcholinesterase', 'Antiangiogenic', 'Anticancer', 'Antiallergenic', 'Antimalarial', 'Anxiolytic', 'Inhibition of Protease', 'Antiviral', 'Cell growth inhbition', 'Antileishmanial', 'Inhibition of Myeloperoxodase', 'Inhibition of uncoupled electron transport', 'Inhibition of phosphorylating electron transport', 'Inhibition of ATP synthesis', 'Inhibition of basal electron transport', 'Antibacterial', 'Anti-inflamatory', 'Inhibition of Cathepsin V', 'Molluscicidal', 'Antinociceptive', 'Antichagasic', 'Inhibition of Cathepsin L', 'Mutagenic', 'Genotoxic', 'Insect antennae response', 'Anesthetic', 'Inhibition of Cathepsin B']]",doi_bioActivity
"['10.1590/S0100-40422010001000006', 'Antifungal']","['10.1590/S0100-40422010001000006', ['Insecticidal', 'Antifungal', 'Antitrypanosomal', 'Cytotoxic', 'Inhibition of Acetylcholinesterase', 'Antioxidant', 'Inhibition of Glycosidase', 'Antiangiogenic', 'Anticancer', 'Antiviral', 'Inhibition of Protease', 'Inhibition of Myeloperoxodase', 'Antimalarial', 'Anxiolytic', 'Inhibition of Cathepsin V', 'Anti-inflamatory', 'Molluscicidal', 'Antiallergenic', 'Inhibition of uncoupled electron transport', 'Inhibition of phosphorylating electron transport', 'Inhibition of basal electron transport', 'Inhibition of ATP synthesis', 'Antileishmanial', 'Antibacterial', 'Cell growth inhbition', 'Antinociceptive', 'Antichagasic', 'Inhibition of Cathepsin L', 'Mutagenic', 'Genotoxic', 'Insect antennae response', 'Anesthetic', 'Inhibition of Cathepsin B']]",doi_bioActivity
"['10.1021/np070312g', 'Antioxidant']","['10.1021/np070312g', ['Antioxidant', 'Antifungal', 'Inhibition of Glycosidase', 'Anti-inflamatory', 'Inhibition of Acetylcholinesterase', 'Cytotoxic', 'Antitrypanosomal', 'Antiangiogenic', 'Anticancer', 'Antiviral', 'Inhibition of Protease', 'Antimalarial', 'Inhibition of Myeloperoxodase', 'Inhibition of Cathepsin V', 'Antinociceptive', 'Antiallergenic', 'Antibacterial', 'Molluscicidal', 'Anxiolytic', 'Insecticidal', 'Inhibition of uncoupled electron transport', 'Inhibition of phosphorylating electron transport', 'Inhibition of basal electron transport', 'Inhibition of ATP synthesis', 'Cell growth inhbition', 'Antileishmanial', 'Antichagasic', 'Inhibition of Cathepsin L', 'Mutagenic', 'Genotoxic', 'Insect antennae response', 'Anesthetic', 'Inhibition of Cathepsin B']]",doi_bioActivity
"['10.1021/np9704617', 'Antifungal']","['10.1021/np9704617', ['Cytotoxic', 'Inhibition of Acetylcholinesterase', 'Antioxidant', 'Antifungal', 'Inhibition of Glycosidase', 'Antitrypanosomal', 'Antiangiogenic', 'Anticancer', 'Inhibition of Myeloperoxodase', 'Molluscicidal', 'Antimalarial', 'Anti-inflamatory', 'Inhibition of Cathepsin V', 'Antiallergenic', 'Anxiolytic', 'Insecticidal', 'Inhibition of Protease', 'Antiviral', 'Inhibition of uncoupled electron transport', 'Inhibition of phosphorylating electron transport', 'Inhibition of basal electron transport', 'Inhibition of ATP synthesis', 'Antibacterial', 'Antileishmanial', 'Antinociceptive', 'Cell growth inhbition', 'Antichagasic', 'Inhibition of Cathepsin L', 'Mutagenic', 'Genotoxic', 'Insect antennae response', 'Anesthetic', 'Inhibition of Cathepsin B']]",doi_bioActivity
"['10.1590/S0100-40422008000400018', 'Inhibition of Myeloperoxodase']","['10.1590/S0100-40422008000400018', ['Insecticidal', 'Antifungal', 'Cytotoxic', 'Antitrypanosomal', 'Inhibition of Acetylcholinesterase', 'Inhibition of Glycosidase', 'Antioxidant', 'Antiangiogenic', 'Anticancer', 'Anxiolytic', 'Inhibition of Cathepsin V', 'Antiallergenic', 'Inhibition of Protease', 'Antiviral', 'Molluscicidal', 'Anti-inflamatory', 'Inhibition of Myeloperoxodase', 'Antimalarial', 'Antibacterial', 'Antileishmanial', 'Inhibition of uncoupled electron transport', 'Inhibition of phosphorylating electron transport', 'Inhibition of ATP synthesis', 'Inhibition of basal electron transport', 'Cell growth inhbition', 'Antinociceptive', 'Antichagasic', 'Inhibition of Cathepsin L', 'Mutagenic', 'Genotoxic', 'Insect antennae response', 'Anesthetic', 'Inhibition of Cathepsin B']]",doi_bioActivity
"['10.1016/j.phytochem.2004.03.039', 'Antioxidant']","['10.1016/j.phytochem.2004.03.039', ['Antifungal', 'Antioxidant', 'Inhibition of Acetylcholinesterase', 'Cytotoxic', 'Inhibition of Glycosidase', 'Antiangiogenic', 'Antitrypanosomal', 'Anticancer', 'Antimalarial', 'Inhibition of Protease', 'Antiviral', 'Inhibition of Myeloperoxodase', 'Anti-inflamatory', 'Inhibition of Cathepsin V', 'Antiallergenic', 'Anxiolytic', 'Molluscicidal', 'Insecticidal', 'Inhibition of phosphorylating electron transport', 'Inhibition of uncoupled electron transport', 'Inhibition of basal electron transport', 'Inhibition of ATP synthesis', 'Antibacterial', 'Cell growth inhbition', 'Antinociceptive', 'Antileishmanial', 'Antichagasic', 'Inhibition of Cathepsin L', 'Mutagenic', 'Genotoxic', 'Insect antennae response', 'Anesthetic', 'Inhibition of Cathepsin B']]",doi_bioActivity
"['10.1515/znc-2002-5-602', 'Cytotoxic']","['10.1515/znc-2002-5-602', ['Antileishmanial', 'Cytotoxic', 'Antifungal', 'Antioxidant', 'Inhibition of Myeloperoxodase', 'Antitrypanosomal', 'Inhibition of Glycosidase', 'Antimalarial', 'Inhibition of Acetylcholinesterase', 'Anticancer', 'Molluscicidal', 'Antiallergenic', 'Inhibition of Cathepsin V', 'Antiangiogenic', 'Anti-inflamatory', 'Inhibition of uncoupled electron transport', 'Inhibition of phosphorylating electron transport', 'Inhibition of basal electron transport', 'Inhibition of ATP synthesis', 'Insecticidal', 'Anxiolytic', 'Inhibition of Protease', 'Antiviral', 'Antibacterial', 'Cell growth inhbition', 'Antinociceptive', 'Antichagasic', 'Inhibition of Cathepsin L', 'Mutagenic', 'Genotoxic', 'Insect antennae response', 'Anesthetic', 'Inhibition of Cathepsin B']]",doi_bioActivity
"['10.1016/S0031-9422(00)00225-9', 'Antifungal']","['10.1016/S0031-9422(00)00225-9', ['Cytotoxic', 'Antifungal', 'Antioxidant', 'Antitrypanosomal', 'Inhibition of Glycosidase', 'Inhibition of Acetylcholinesterase', 'Antimalarial', 'Anticancer', 'Inhibition of Myeloperoxodase', 'Antiangiogenic', 'Inhibition of Cathepsin V', 'Anxiolytic', 'Antiallergenic', 'Inhibition of Protease', 'Antiviral', 'Anti-inflamatory', 'Inhibition of phosphorylating electron transport', 'Inhibition of uncoupled electron transport', 'Inhibition of ATP synthesis', 'Inhibition of basal electron transport', 'Molluscicidal', 'Insecticidal', 'Antibacterial', 'Antileishmanial', 'Cell growth inhbition', 'Antinociceptive', 'Antichagasic', 'Inhibition of Cathepsin L', 'Mutagenic', 'Genotoxic', 'Insect antennae response', 'Anesthetic', 'Inhibition of Cathepsin B']]",doi_bioActivity
"['10.1016/j.phytochem.2005.06.019', 'Antioxidant']","['10.1016/j.phytochem.2005.06.019', ['Antifungal', 'Cytotoxic', 'Inhibition of Acetylcholinesterase', 'Antioxidant', 'Antitrypanosomal', 'Inhibition of Glycosidase', 'Anticancer', 'Antiangiogenic', 'Insecticidal', 'Antiallergenic', 'Antimalarial', 'Antiviral', 'Inhibition of Protease', 'Anti-inflamatory', 'Inhibition of Myeloperoxodase', 'Inhibition of Cathepsin V', 'Inhibition of uncoupled electron transport', 'Inhibition of phosphorylating electron transport', 'Inhibition of basal electron transport', 'Inhibition of ATP synthesis', 'Anxiolytic', 'Molluscicidal', 'Antileishmanial', 'Cell growth inhbition', 'Antibacterial', 'Antinociceptive', 'Antichagasic', 'Inhibition of Cathepsin L', 'Mutagenic', 'Genotoxic', 'Insect antennae response', 'Anesthetic', 'Inhibition of Cathepsin B']]",doi_bioActivity
"['10.1590/S0103-50532009000400008', 'Antimalarial']","['10.1590/S0103-50532009000400008', ['Inhibition of Acetylcholinesterase', 'Antioxidant', 'Inhibition of Glycosidase', 'Cytotoxic', 'Antitrypanosomal', 'Antifungal', 'Antiangiogenic', 'Anticancer', 'Antimalarial', 'Cell growth inhbition', 'Anti-inflamatory', 'Inhibition of Myeloperoxodase', 'Inhibition of Protease', 'Antiviral', 'Antiallergenic', 'Inhibition of uncoupled electron transport', 'Inhibition of phosphorylating electron transport', 'Inhibition of basal electron transport', 'Inhibition of ATP synthesis', 'Inhibition of Cathepsin V', 'Anxiolytic', 'Insecticidal', 'Molluscicidal', 'Antibacterial', 'Antinociceptive', 'Antileishmanial', 'Antichagasic', 'Inhibition of Cathepsin L', 'Mutagenic', 'Genotoxic', 'Insect antennae response', 'Anesthetic', 'Inhibition of Cathepsin B']]",doi_bioActivity
"['10.1515/znb-2005-0715', 'Antifungal']","['10.1515/znb-2005-0715', ['Antifungal', 'Antitrypanosomal', 'Antioxidant', 'Cytotoxic', 'Inhibition of Acetylcholinesterase', 'Inhibition of Glycosidase', 'Anticancer', 'Antileishmanial', 'Anti-inflamatory', 'Inhibition of Cathepsin V', 'Antiangiogenic', 'Antiallergenic', 'Inhibition of Myeloperoxodase', 'Antiviral', 'Inhibition of Protease', 'Antimalarial', 'Insecticidal', 'Anxiolytic', 'Molluscicidal', 'Inhibition of uncoupled electron transport', 'Inhibition of phosphorylating electron transport', 'Inhibition of basal electron transport', 'Inhibition of ATP synthesis', 'Antibacterial', 'Antinociceptive', 'Cell growth inhbition', 'Antichagasic', 'Inhibition of Cathepsin L', 'Mutagenic', 'Genotoxic', 'Insect antennae response', 'Anesthetic', 'Inhibition of Cathepsin B']]",doi_bioActivity
"['10.1016/j.phytochem.2006.09.005', 'Cytotoxic']","['10.1016/j.phytochem.2006.09.005', ['Antioxidant', 'Antifungal', 'Cytotoxic', 'Antitrypanosomal', 'Inhibition of Glycosidase', 'Inhibition of Myeloperoxodase', 'Antimalarial', 'Inhibition of Acetylcholinesterase', 'Anticancer', 'Anti-inflamatory', 'Antiangiogenic', 'Antiviral', 'Inhibition of Protease', 'Antiallergenic', 'Molluscicidal', 'Inhibition of Cathepsin V', 'Inhibition of phosphorylating electron transport', 'Inhibition of uncoupled electron transport', 'Inhibition of ATP synthesis', 'Inhibition of basal electron transport', 'Antibacterial', 'Anxiolytic', 'Insecticidal', 'Antileishmanial', 'Antinociceptive', 'Cell growth inhbition', 'Antichagasic', 'Inhibition of Cathepsin L', 'Mutagenic', 'Genotoxic', 'Insect antennae response', 'Anesthetic', 'Inhibition of Cathepsin B']]",doi_bioActivity
"['10.1093/mutage/gep034', 'Cytotoxic']","['10.1093/mutage/gep034', ['Inhibition of Glycosidase', 'Cytotoxic', 'Antioxidant', 'Antitrypanosomal', 'Inhibition of Acetylcholinesterase', 'Anticancer', 'Antifungal', 'Antiallergenic', 'Antimalarial', 'Anxiolytic', 'Cell growth inhbition', 'Inhibition of Myeloperoxodase', 'Antiangiogenic', 'Inhibition of phosphorylating electron transport', 'Inhibition of uncoupled electron transport', 'Inhibition of ATP synthesis', 'Inhibition of basal electron transport', 'Antileishmanial', 'Anti-inflamatory', 'Antiviral', 'Inhibition of Protease', 'Insecticidal', 'Antibacterial', 'Inhibition of Cathepsin V', 'Molluscicidal', 'Antinociceptive', 'Antichagasic', 'Inhibition of Cathepsin L', 'Mutagenic', 'Genotoxic', 'Insect antennae response', 'Anesthetic', 'Inhibition of Cathepsin B']]",doi_bioActivity
"['10.1016/0031-9422(81)80027-1', 'Anesthetic']","['10.1016/0031-9422(81)80027-1', ['Antifungal', 'Cytotoxic', 'Antitrypanosomal', 'Inhibition of Acetylcholinesterase', 'Molluscicidal', 'Antioxidant', 'Inhibition of Glycosidase', 'Anticancer', 'Anti-inflamatory', 'Antiallergenic', 'Inhibition of Cathepsin V', 'Antiangiogenic', 'Insecticidal', 'Antimalarial', 'Antiviral', 'Inhibition of Protease', 'Inhibition of Myeloperoxodase', 'Anxiolytic', 'Inhibition of uncoupled electron transport', 'Inhibition of phosphorylating electron transport', 'Inhibition of basal electron transport', 'Inhibition of ATP synthesis', 'Antileishmanial', 'Antinociceptive', 'Antibacterial', 'Cell growth inhbition', 'Antichagasic', 'Inhibition of Cathepsin L', 'Mutagenic', 'Genotoxic', 'Insect antennae response', 'Anesthetic', 'Inhibition of Cathepsin B']]",doi_bioActivity
"['10.1016/j.phytochem.2009.08.013', 'Antifungal']","['10.1016/j.phytochem.2009.08.013', ['Antitrypanosomal', 'Antioxidant', 'Inhibition of Glycosidase', 'Antimalarial', 'Cytotoxic', 'Antifungal', 'Inhibition of uncoupled electron transport', 'Inhibition of phosphorylating electron transport', 'Inhibition of ATP synthesis', 'Inhibition of basal electron transport', 'Anticancer', 'Inhibition of Acetylcholinesterase', 'Inhibition of Protease', 'Antiviral', 'Inhibition of Myeloperoxodase', 'Cell growth inhbition', 'Anxiolytic', 'Antiangiogenic', 'Antileishmanial', 'Anti-inflamatory', 'Antiallergenic', 'Insecticidal', 'Antibacterial', 'Inhibition of Cathepsin V', 'Molluscicidal', 'Antinociceptive', 'Antichagasic', 'Inhibition of Cathepsin L', 'Mutagenic', 'Genotoxic', 'Insect antennae response', 'Anesthetic', 'Inhibition of Cathepsin B']]",doi_bioActivity
"['10.1590/S0102-695X2012005000106', 'Antileishmanial']","['10.1590/S0102-695X2012005000106', ['Antitrypanosomal', 'Cytotoxic', 'Antifungal', 'Inhibition of Glycosidase', 'Insecticidal', 'Antioxidant', 'Inhibition of Acetylcholinesterase', 'Antiangiogenic', 'Anticancer', 'Antiallergenic', 'Antimalarial', 'Anxiolytic', 'Inhibition of Protease', 'Antiviral', 'Cell growth inhbition', 'Antileishmanial', 'Inhibition of Myeloperoxodase', 'Inhibition of uncoupled electron transport', 'Inhibition of phosphorylating electron transport', 'Inhibition of ATP synthesis', 'Inhibition of basal electron transport', 'Antibacterial', 'Anti-inflamatory', 'Inhibition of Cathepsin V', 'Molluscicidal', 'Antinociceptive', 'Antichagasic', 'Inhibition of Cathepsin L', 'Mutagenic', 'Genotoxic', 'Insect antennae response', 'Anesthetic', 'Inhibition of Cathepsin B']]",doi_bioActivity
"['10.1016/j.chroma.2009.02.066', 'Antifungal']","['10.1016/j.chroma.2009.02.066', ['Antioxidant', 'Antitrypanosomal', 'Antifungal', 'Inhibition of Glycosidase', 'Inhibition of Acetylcholinesterase', 'Cytotoxic', 'Inhibition of Myeloperoxodase', 'Antimalarial', 'Anticancer', 'Anti-inflamatory', 'Antiangiogenic', 'Inhibition of phosphorylating electron transport', 'Inhibition of uncoupled electron transport', 'Inhibition of basal electron transport', 'Inhibition of ATP synthesis', 'Inhibition of Cathepsin V', 'Antiviral', 'Inhibition of Protease', 'Insecticidal', 'Antiallergenic', 'Anxiolytic', 'Molluscicidal', 'Antileishmanial', 'Cell growth inhbition', 'Antibacterial', 'Antinociceptive', 'Antichagasic', 'Inhibition of Cathepsin L', 'Mutagenic', 'Genotoxic', 'Insect antennae response', 'Anesthetic', 'Inhibition of Cathepsin B']]",doi_bioActivity
"['10.1023/B:JOEC.0000042400.14451.08', 'Insecticidal']","['10.1023/B:JOEC.0000042400.14451.08', ['Antitrypanosomal', 'Cytotoxic', 'Antifungal', 'Antioxidant', 'Inhibition of Glycosidase', 'Inhibition of Acetylcholinesterase', 'Anticancer', 'Antimalarial', 'Antiangiogenic', 'Insecticidal', 'Antiallergenic', 'Inhibition of Myeloperoxodase', 'Anxiolytic', 'Antiviral', 'Inhibition of Protease', 'Anti-inflamatory', 'Inhibition of uncoupled electron transport', 'Inhibition of phosphorylating electron transport', 'Inhibition of basal electron transport', 'Inhibition of ATP synthesis', 'Inhibition of Cathepsin V', 'Molluscicidal', 'Antileishmanial', 'Cell growth inhbition', 'Antibacterial', 'Antinociceptive', 'Antichagasic', 'Inhibition of Cathepsin L', 'Mutagenic', 'Genotoxic', 'Insect antennae response', 'Anesthetic', 'Inhibition of Cathepsin B']]",doi_bioActivity
"['10.1590/S0100-40422008000400023', 'Antifungal']","['10.1590/S0100-40422008000400023', ['Insecticidal', 'Antifungal', 'Antitrypanosomal', 'Cytotoxic', 'Inhibition of Acetylcholinesterase', 'Inhibition of Glycosidase', 'Anticancer', 'Antiangiogenic', 'Antioxidant', 'Antiviral', 'Inhibition of Protease', 'Anti-inflamatory', 'Antiallergenic', 'Anxiolytic', 'Inhibition of Cathepsin V', 'Antimalarial', 'Inhibition of uncoupled electron transport', 'Inhibition of phosphorylating electron transport', 'Inhibition of basal electron transport', 'Inhibition of ATP synthesis', 'Molluscicidal', 'Antileishmanial', 'Inhibition of Myeloperoxodase', 'Cell growth inhbition', 'Antibacterial', 'Antinociceptive', 'Antichagasic', 'Inhibition of Cathepsin L', 'Mutagenic', 'Genotoxic', 'Insect antennae response', 'Anesthetic', 'Inhibition of Cathepsin B']]",doi_bioActivity
"['10.1055/s-0029-1185364', 'Antitrypanosomal']","['10.1055/s-0029-1185364', ['Cytotoxic', 'Antitrypanosomal', 'Antioxidant', 'Antifungal', 'Inhibition of Glycosidase', 'Inhibition of Acetylcholinesterase', 'Anticancer', 'Antiangiogenic', 'Antiallergenic', 'Antimalarial', 'Inhibition of Myeloperoxodase', 'Antiviral', 'Inhibition of Protease', 'Insecticidal', 'Anxiolytic', 'Anti-inflamatory', 'Antibacterial', 'Antileishmanial', 'Inhibition of uncoupled electron transport', 'Inhibition of phosphorylating electron transport', 'Inhibition of basal electron transport', 'Inhibition of ATP synthesis', 'Inhibition of Cathepsin V', 'Cell growth inhbition', 'Molluscicidal', 'Antinociceptive', 'Antichagasic', 'Inhibition of Cathepsin L', 'Mutagenic', 'Genotoxic', 'Insect antennae response', 'Anesthetic', 'Inhibition of Cathepsin B']]",doi_bioActivity
"['10.1080/14786410903335232', 'Anticancer']","['10.1080/14786410903335232', ['Antitrypanosomal', 'Antioxidant', 'Cytotoxic', 'Inhibition of Glycosidase', 'Anticancer', 'Inhibition of Acetylcholinesterase', 'Antiallergenic', 'Antifungal', 'Antiangiogenic', 'Anxiolytic', 'Anti-inflamatory', 'Antiviral', 'Inhibition of Protease', 'Antimalarial', 'Insecticidal', 'Inhibition of Cathepsin V', 'Cell growth inhbition', 'Inhibition of Myeloperoxodase', 'Inhibition of uncoupled electron transport', 'Inhibition of phosphorylating electron transport', 'Inhibition of basal electron transport', 'Inhibition of ATP synthesis', 'Antibacterial', 'Antileishmanial', 'Molluscicidal', 'Antinociceptive', 'Antichagasic', 'Inhibition of Cathepsin L', 'Mutagenic', 'Genotoxic', 'Insect antennae response', 'Anesthetic', 'Inhibition of Cathepsin B']]",doi_bioActivity
"['10.1016/j.bse.2006.06.007', 'Antifungal']","['10.1016/j.bse.2006.06.007', ['Antiangiogenic', 'Anti-inflamatory', 'Antinociceptive', 'Antifungal', 'Antitrypanosomal', 'Insecticidal', 'Anticancer', 'Inhibition of Glycosidase', 'Cytotoxic', 'Antioxidant', 'Inhibition of Acetylcholinesterase', 'Antibacterial', 'Inhibition of Protease', 'Antiviral', 'Antiallergenic', 'Antileishmanial', 'Inhibition of Myeloperoxodase', 'Inhibition of Cathepsin V', 'Antimalarial', 'Inhibition of uncoupled electron transport', 'Inhibition of phosphorylating electron transport', 'Inhibition of ATP synthesis', 'Inhibition of basal electron transport', 'Cell growth inhbition', 'Anxiolytic', 'Molluscicidal', 'Antichagasic', 'Inhibition of Cathepsin L', 'Mutagenic', 'Genotoxic', 'Insect antennae response', 'Anesthetic', 'Inhibition of Cathepsin B']]",doi_bioActivity
"['10.1021/np800106x', 'Antibacterial']","['10.1021/np800106x', ['Antioxidant', 'Inhibition of Acetylcholinesterase', 'Inhibition of Glycosidase', 'Cytotoxic', 'Antifungal', 'Antitrypanosomal', 'Inhibition of Myeloperoxodase', 'Anticancer', 'Anti-inflamatory', 'Antiangiogenic', 'Antimalarial', 'Molluscicidal', 'Inhibition of phosphorylating electron transport', 'Inhibition of uncoupled electron transport', 'Inhibition of basal electron transport', 'Inhibition of ATP synthesis', 'Inhibition of Cathepsin V', 'Antiallergenic', 'Antiviral', 'Inhibition of Protease', 'Anxiolytic', 'Cell growth inhbition', 'Antibacterial', 'Insecticidal', 'Antileishmanial', 'Antinociceptive', 'Antichagasic', 'Inhibition of Cathepsin L', 'Mutagenic', 'Genotoxic', 'Insect antennae response', 'Anesthetic', 'Inhibition of Cathepsin B']]",doi_bioActivity
"['10.1016/0031-9422(73)85048-4', 'Antitrypanosomal']","['10.1016/0031-9422(73)85048-4', ['Cytotoxic', 'Antifungal', 'Antitrypanosomal', 'Inhibition of Glycosidase', 'Inhibition of Acetylcholinesterase', 'Antioxidant', 'Anticancer', 'Antiangiogenic', 'Molluscicidal', 'Antiallergenic', 'Insecticidal', 'Anti-inflamatory', 'Antimalarial', 'Inhibition of Cathepsin V', 'Inhibition of Myeloperoxodase', 'Anxiolytic', 'Inhibition of Protease', 'Antiviral', 'Antibacterial', 'Antileishmanial', 'Inhibition of phosphorylating electron transport', 'Inhibition of uncoupled electron transport', 'Inhibition of ATP synthesis', 'Inhibition of basal electron transport', 'Cell growth inhbition', 'Antinociceptive', 'Antichagasic', 'Inhibition of Cathepsin L', 'Mutagenic', 'Genotoxic', 'Insect antennae response', 'Anesthetic', 'Inhibition of Cathepsin B']]",doi_bioActivity
"['10.1021/np4006822', 'Inhibition of Acetylcholinesterase']","['10.1021/np4006822', ['Antioxidant', 'Inhibition of Glycosidase', 'Antitrypanosomal', 'Cytotoxic', 'Inhibition of Acetylcholinesterase', 'Antimalarial', 'Antifungal', 'Inhibition of Myeloperoxodase', 'Anticancer', 'Inhibition of phosphorylating electron transport', 'Inhibition of uncoupled electron transport', 'Inhibition of ATP synthesis', 'Inhibition of basal electron transport', 'Antiangiogenic', 'Anti-inflamatory', 'Cell growth inhbition', 'Anxiolytic', 'Inhibition of Protease', 'Antiviral', 'Molluscicidal', 'Inhibition of Cathepsin V', 'Antiallergenic', 'Antileishmanial', 'Insecticidal', 'Antibacterial', 'Antinociceptive', 'Antichagasic', 'Inhibition of Cathepsin L', 'Mutagenic', 'Genotoxic', 'Insect antennae response', 'Anesthetic', 'Inhibition of Cathepsin B']]",doi_bioActivity
"['10.1590/S0100-40422006000300016', 'Antioxidant']","['10.1590/S0100-40422006000300016', ['Antifungal', 'Antioxidant', 'Antitrypanosomal', 'Inhibition of Glycosidase', 'Cytotoxic', 'Inhibition of Acetylcholinesterase', 'Antiangiogenic', 'Anticancer', 'Insecticidal', 'Antimalarial', 'Inhibition of Protease', 'Antiviral', 'Anti-inflamatory', 'Inhibition of Myeloperoxodase', 'Anxiolytic', 'Antiallergenic', 'Inhibition of Cathepsin V', 'Antibacterial', 'Molluscicidal', 'Inhibition of uncoupled electron transport', 'Inhibition of phosphorylating electron transport', 'Inhibition of basal electron transport', 'Inhibition of ATP synthesis', 'Antileishmanial', 'Cell growth inhbition', 'Antinociceptive', 'Antichagasic', 'Inhibition of Cathepsin L', 'Mutagenic', 'Genotoxic', 'Insect antennae response', 'Anesthetic', 'Inhibition of Cathepsin B']]",doi_bioActivity
"['10.1016/j.phytochem.2007.08.012', 'Antitrypanosomal']","['10.1016/j.phytochem.2007.08.012', ['Antifungal', 'Inhibition of Acetylcholinesterase', 'Antioxidant', 'Cytotoxic', 'Inhibition of Glycosidase', 'Antiangiogenic', 'Antitrypanosomal', 'Anticancer', 'Antimalarial', 'Inhibition of Myeloperoxodase', 'Antiviral', 'Inhibition of Protease', 'Anti-inflamatory', 'Antiallergenic', 'Inhibition of Cathepsin V', 'Insecticidal', 'Anxiolytic', 'Inhibition of uncoupled electron transport', 'Inhibition of phosphorylating electron transport', 'Inhibition of ATP synthesis', 'Inhibition of basal electron transport', 'Molluscicidal', 'Antileishmanial', 'Cell growth inhbition', 'Antibacterial', 'Antinociceptive', 'Antichagasic', 'Inhibition of Cathepsin L', 'Mutagenic', 'Genotoxic', 'Insect antennae response', 'Anesthetic', 'Inhibition of Cathepsin B']]",doi_bioActivity
"['10.1590/S0102-695X2008000200010', 'Antibacterial']","['10.1590/S0102-695X2008000200010', ['Inhibition of Acetylcholinesterase', 'Antitrypanosomal', 'Antioxidant', 'Cytotoxic', 'Inhibition of Glycosidase', 'Anticancer', 'Antifungal', 'Anti-inflamatory', 'Antiangiogenic', 'Antiviral', 'Inhibition of Protease', 'Inhibition of uncoupled electron transport', 'Inhibition of phosphorylating electron transport', 'Inhibition of ATP synthesis', 'Inhibition of basal electron transport', 'Antimalarial', 'Cell growth inhbition', 'Antibacterial', 'Antiallergenic', 'Insecticidal', 'Anxiolytic', 'Inhibition of Cathepsin V', 'Inhibition of Myeloperoxodase', 'Antinociceptive', 'Antileishmanial', 'Molluscicidal', 'Antichagasic', 'Inhibition of Cathepsin L', 'Mutagenic', 'Genotoxic', 'Insect antennae response', 'Anesthetic', 'Inhibition of Cathepsin B']]",doi_bioActivity
"['10.1590/S0103-50532005000400031', 'Insecticidal']","['10.1590/S0103-50532005000400031', ['Insecticidal', 'Antitrypanosomal', 'Cytotoxic', 'Antifungal', 'Inhibition of Acetylcholinesterase', 'Inhibition of Glycosidase', 'Antioxidant', 'Anticancer', 'Antiangiogenic', 'Antiallergenic', 'Anxiolytic', 'Antileishmanial', 'Antimalarial', 'Antiviral', 'Inhibition of Protease', 'Anti-inflamatory', 'Inhibition of Cathepsin V', 'Inhibition of Myeloperoxodase', 'Inhibition of uncoupled electron transport', 'Inhibition of phosphorylating electron transport', 'Inhibition of basal electron transport', 'Inhibition of ATP synthesis', 'Antibacterial', 'Cell growth inhbition', 'Molluscicidal', 'Antinociceptive', 'Antichagasic', 'Inhibition of Cathepsin L', 'Mutagenic', 'Genotoxic', 'Insect antennae response', 'Anesthetic', 'Inhibition of Cathepsin B']]",doi_bioActivity
"['10.1016/j.phytochem.2006.09.005', 'Antifungal']","['10.1016/j.phytochem.2006.09.005', ['Antioxidant', 'Antifungal', 'Cytotoxic', 'Antitrypanosomal', 'Inhibition of Glycosidase', 'Inhibition of Myeloperoxodase', 'Antimalarial', 'Inhibition of Acetylcholinesterase', 'Anticancer', 'Anti-inflamatory', 'Antiangiogenic', 'Antiviral', 'Inhibition of Protease', 'Antiallergenic', 'Molluscicidal', 'Inhibition of Cathepsin V', 'Inhibition of phosphorylating electron transport', 'Inhibition of uncoupled electron transport', 'Inhibition of ATP synthesis', 'Inhibition of basal electron transport', 'Antibacterial', 'Anxiolytic', 'Insecticidal', 'Antileishmanial', 'Antinociceptive', 'Cell growth inhbition', 'Antichagasic', 'Inhibition of Cathepsin L', 'Mutagenic', 'Genotoxic', 'Insect antennae response', 'Anesthetic', 'Inhibition of Cathepsin B']]",doi_bioActivity
"['10.1590/S0100-46702007000300002', 'Antifungal']","['10.1590/S0100-46702007000300002', ['Insecticidal', 'Antifungal', 'Cytotoxic', 'Inhibition of Acetylcholinesterase', 'Antitrypanosomal', 'Antiangiogenic', 'Inhibition of Glycosidase', 'Antioxidant', 'Antiallergenic', 'Anticancer', 'Anxiolytic', 'Inhibition of Cathepsin V', 'Inhibition of Protease', 'Antiviral', 'Molluscicidal', 'Anti-inflamatory', 'Antimalarial', 'Antileishmanial', 'Inhibition of Myeloperoxodase', 'Inhibition of uncoupled electron transport', 'Inhibition of phosphorylating electron transport', 'Inhibition of basal electron transport', 'Inhibition of ATP synthesis', 'Antibacterial', 'Cell growth inhbition', 'Antinociceptive', 'Antichagasic', 'Inhibition of Cathepsin L', 'Mutagenic', 'Genotoxic', 'Insect antennae response', 'Anesthetic', 'Inhibition of Cathepsin B']]",doi_bioActivity
"['10.1021/np030530j', 'Antifungal']","['10.1021/np030530j', ['Antitrypanosomal', 'Antioxidant', 'Cytotoxic', 'Antifungal', 'Antiangiogenic', 'Inhibition of Glycosidase', 'Anticancer', 'Inhibition of Acetylcholinesterase', 'Anti-inflamatory', 'Insecticidal', 'Anxiolytic', 'Antiviral', 'Inhibition of Protease', 'Antiallergenic', 'Inhibition of Cathepsin V', 'Antimalarial', 'Inhibition of uncoupled electron transport', 'Inhibition of phosphorylating electron transport', 'Inhibition of basal electron transport', 'Inhibition of ATP synthesis', 'Antileishmanial', 'Antibacterial', 'Inhibition of Myeloperoxodase', 'Cell growth inhbition', 'Antinociceptive', 'Molluscicidal', 'Antichagasic', 'Inhibition of Cathepsin L', 'Mutagenic', 'Genotoxic', 'Insect antennae response', 'Anesthetic', 'Inhibition of Cathepsin B']]",doi_bioActivity
"['10.1016/S0031-9422(00)00248-X', 'Antitrypanosomal']","['10.1016/S0031-9422(00)00248-X', ['Antifungal', 'Antioxidant', 'Cytotoxic', 'Antitrypanosomal', 'Inhibition of Glycosidase', 'Inhibition of Acetylcholinesterase', 'Inhibition of Myeloperoxodase', 'Anticancer', 'Antimalarial', 'Inhibition of Cathepsin V', 'Antiangiogenic', 'Anti-inflamatory', 'Inhibition of uncoupled electron transport', 'Inhibition of phosphorylating electron transport', 'Inhibition of basal electron transport', 'Inhibition of ATP synthesis', 'Antiallergenic', 'Inhibition of Protease', 'Antiviral', 'Anxiolytic', 'Molluscicidal', 'Antileishmanial', 'Antibacterial', 'Insecticidal', 'Cell growth inhbition', 'Antinociceptive', 'Antichagasic', 'Inhibition of Cathepsin L', 'Mutagenic', 'Genotoxic', 'Insect antennae response', 'Anesthetic', 'Inhibition of Cathepsin B']]",doi_bioActivity
"['10.1016/j.bmc.2010.12.056', 'Inhibition of Cathepsin V']","['10.1016/j.bmc.2010.12.056', ['Antitrypanosomal', 'Cytotoxic', 'Antioxidant', 'Inhibition of Glycosidase', 'Anticancer', 'Antifungal', 'Antiallergenic', 'Inhibition of Acetylcholinesterase', 'Antimalarial', 'Antiangiogenic', 'Anti-inflamatory', 'Anxiolytic', 'Inhibition of Myeloperoxodase', 'Inhibition of phosphorylating electron transport', 'Inhibition of uncoupled electron transport', 'Inhibition of basal electron transport', 'Inhibition of ATP synthesis', 'Inhibition of Protease', 'Antiviral', 'Inhibition of Cathepsin V', 'Antibacterial', 'Cell growth inhbition', 'Insecticidal', 'Antileishmanial', 'Molluscicidal', 'Antinociceptive', 'Antichagasic', 'Inhibition of Cathepsin L', 'Mutagenic', 'Genotoxic', 'Insect antennae response', 'Anesthetic', 'Inhibition of Cathepsin B']]",doi_bioActivity
"['10.1021/np500453x', 'Inhibition of Cathepsin L']","['10.1021/np500453x', ['Antitrypanosomal', 'Antioxidant', 'Inhibition of Glycosidase', 'Inhibition of Acetylcholinesterase', 'Cytotoxic', 'Anticancer', 'Antimalarial', 'Cell growth inhbition', 'Inhibition of uncoupled electron transport', 'Inhibition of phosphorylating electron transport', 'Inhibition of ATP synthesis', 'Inhibition of basal electron transport', 'Antifungal', 'Antiangiogenic', 'Anti-inflamatory', 'Inhibition of Myeloperoxodase', 'Antiviral', 'Inhibition of Protease', 'Antiallergenic', 'Anxiolytic', 'Insecticidal', 'Inhibition of Cathepsin V', 'Antileishmanial', 'Molluscicidal', 'Antibacterial', 'Antinociceptive', 'Antichagasic', 'Inhibition of Cathepsin L', 'Mutagenic', 'Genotoxic', 'Insect antennae response', 'Anesthetic', 'Inhibition of Cathepsin B']]",doi_bioActivity
"['10.1002/ps.478', 'Insecticidal']","['10.1002/ps.478', ['Antitrypanosomal', 'Cell growth inhbition', 'Antioxidant', 'Inhibition of Glycosidase', 'Cytotoxic', 'Inhibition of Acetylcholinesterase', 'Anticancer', 'Inhibition of phosphorylating electron transport', 'Inhibition of uncoupled electron transport', 'Inhibition of basal electron transport', 'Inhibition of ATP synthesis', 'Antimalarial', 'Anxiolytic', 'Antifungal', 'Antiangiogenic', 'Insecticidal', 'Antiallergenic', 'Inhibition of Protease', 'Antiviral', 'Inhibition of Myeloperoxodase', 'Anti-inflamatory', 'Antileishmanial', 'Inhibition of Cathepsin V', 'Antibacterial', 'Molluscicidal', 'Antinociceptive', 'Antichagasic', 'Inhibition of Cathepsin L', 'Mutagenic', 'Genotoxic', 'Insect antennae response', 'Anesthetic', 'Inhibition of Cathepsin B']]",doi_bioActivity
"['10.1107/S160053680302107X', 'Antileishmanial']","['10.1107/S160053680302107X', ['Cytotoxic', 'Antifungal', 'Antitrypanosomal', 'Inhibition of Acetylcholinesterase', 'Antioxidant', 'Inhibition of Glycosidase', 'Antiangiogenic', 'Anticancer', 'Antiallergenic', 'Insecticidal', 'Anti-inflamatory', 'Inhibition of Myeloperoxodase', 'Antimalarial', 'Inhibition of Cathepsin V', 'Anxiolytic', 'Inhibition of Protease', 'Antiviral', 'Molluscicidal', 'Inhibition of uncoupled electron transport', 'Inhibition of phosphorylating electron transport', 'Inhibition of basal electron transport', 'Inhibition of ATP synthesis', 'Antibacterial', 'Cell growth inhbition', 'Antileishmanial', 'Antinociceptive', 'Antichagasic', 'Inhibition of Cathepsin L', 'Mutagenic', 'Genotoxic', 'Insect antennae response', 'Anesthetic', 'Inhibition of Cathepsin B']]",doi_bioActivity
"['10.1016/j.phytol.2010.11.003', 'Inhibition of Acetylcholinesterase']","['10.1016/j.phytol.2010.11.003', ['Antioxidant', 'Cytotoxic', 'Inhibition of Glycosidase', 'Antifungal', 'Antitrypanosomal', 'Antimalarial', 'Inhibition of Myeloperoxodase', 'Inhibition of Acetylcholinesterase', 'Anticancer', 'Antiangiogenic', 'Anti-inflamatory', 'Antiviral', 'Inhibition of Protease', 'Molluscicidal', 'Antibacterial', 'Antiallergenic', 'Inhibition of Cathepsin V', 'Inhibition of uncoupled electron transport', 'Inhibition of phosphorylating electron transport', 'Inhibition of ATP synthesis', 'Inhibition of basal electron transport', 'Anxiolytic', 'Antileishmanial', 'Cell growth inhbition', 'Insecticidal', 'Antinociceptive', 'Antichagasic', 'Inhibition of Cathepsin L', 'Mutagenic', 'Genotoxic', 'Insect antennae response', 'Anesthetic', 'Inhibition of Cathepsin B']]",doi_bioActivity
"['10.1002/jobm.200800093', 'Cytotoxic']","['10.1002/jobm.200800093', ['Cytotoxic', 'Antitrypanosomal', 'Inhibition of Glycosidase', 'Antioxidant', 'Antifungal', 'Antiallergenic', 'Inhibition of Acetylcholinesterase', 'Antiangiogenic', 'Anticancer', 'Antimalarial', 'Anxiolytic', 'Insecticidal', 'Inhibition of Myeloperoxodase', 'Anti-inflamatory', 'Inhibition of Cathepsin V', 'Inhibition of Protease', 'Antiviral', 'Antileishmanial', 'Inhibition of uncoupled electron transport', 'Inhibition of phosphorylating electron transport', 'Inhibition of basal electron transport', 'Inhibition of ATP synthesis', 'Antibacterial', 'Cell growth inhbition', 'Molluscicidal', 'Antinociceptive', 'Antichagasic', 'Inhibition of Cathepsin L', 'Mutagenic', 'Genotoxic', 'Insect antennae response', 'Anesthetic', 'Inhibition of Cathepsin B']]",doi_bioActivity
"['10.1016/S0031-9422(97)00598-0', 'Antitrypanosomal']","['10.1016/S0031-9422(97)00598-0', ['Antifungal', 'Antioxidant', 'Cytotoxic', 'Antitrypanosomal', 'Inhibition of Glycosidase', 'Inhibition of Acetylcholinesterase', 'Molluscicidal', 'Anticancer', 'Antiviral', 'Inhibition of Protease', 'Anti-inflamatory', 'Inhibition of Myeloperoxodase', 'Antimalarial', 'Antiangiogenic', 'Inhibition of Cathepsin V', 'Insecticidal', 'Antibacterial', 'Inhibition of uncoupled electron transport', 'Inhibition of phosphorylating electron transport', 'Inhibition of basal electron transport', 'Inhibition of ATP synthesis', 'Antiallergenic', 'Anxiolytic', 'Antileishmanial', 'Antinociceptive', 'Cell growth inhbition', 'Antichagasic', 'Inhibition of Cathepsin L', 'Mutagenic', 'Genotoxic', 'Insect antennae response', 'Anesthetic', 'Inhibition of Cathepsin B']]",doi_bioActivity
"['10.1590/S0100-40422008000400018', 'Antifungal']","['10.1590/S0100-40422008000400018', ['Insecticidal', 'Antifungal', 'Cytotoxic', 'Antitrypanosomal', 'Inhibition of Acetylcholinesterase', 'Inhibition of Glycosidase', 'Antioxidant', 'Antiangiogenic', 'Anticancer', 'Anxiolytic', 'Inhibition of Cathepsin V', 'Antiallergenic', 'Inhibition of Protease', 'Antiviral', 'Molluscicidal', 'Anti-inflamatory', 'Inhibition of Myeloperoxodase', 'Antimalarial', 'Antibacterial', 'Antileishmanial', 'Inhibition of uncoupled electron transport', 'Inhibition of phosphorylating electron transport', 'Inhibition of ATP synthesis', 'Inhibition of basal electron transport', 'Cell growth inhbition', 'Antinociceptive', 'Antichagasic', 'Inhibition of Cathepsin L', 'Mutagenic', 'Genotoxic', 'Insect antennae response', 'Anesthetic', 'Inhibition of Cathepsin B']]",doi_bioActivity
"['10.1590/S0103-50532007000700017', 'Antifungal']","['10.1590/S0103-50532007000700017', ['Antioxidant', 'Antitrypanosomal', 'Inhibition of Glycosidase', 'Inhibition of Acetylcholinesterase', 'Cytotoxic', 'Anticancer', 'Antifungal', 'Antiangiogenic', 'Antimalarial', 'Inhibition of uncoupled electron transport', 'Inhibition of phosphorylating electron transport', 'Inhibition of ATP synthesis', 'Inhibition of basal electron transport', 'Cell growth inhbition', 'Inhibition of Protease', 'Antiviral', 'Anti-inflamatory', 'Insecticidal', 'Inhibition of Myeloperoxodase', 'Anxiolytic', 'Antiallergenic', 'Inhibition of Cathepsin V', 'Antibacterial', 'Antileishmanial', 'Molluscicidal', 'Antinociceptive', 'Antichagasic', 'Inhibition of Cathepsin L', 'Mutagenic', 'Genotoxic', 'Insect antennae response', 'Anesthetic', 'Inhibition of Cathepsin B']]",doi_bioActivity
"['10.1055/s-0028-1088323', 'Antitrypanosomal']","['10.1055/s-0028-1088323', ['Cytotoxic', 'Antioxidant', 'Antitrypanosomal', 'Antifungal', 'Inhibition of Glycosidase', 'Antimalarial', 'Inhibition of Acetylcholinesterase', 'Anticancer', 'Inhibition of Myeloperoxodase', 'Antiallergenic', 'Molluscicidal', 'Antiangiogenic', 'Anxiolytic', 'Inhibition of Cathepsin V', 'Antileishmanial', 'Anti-inflamatory', 'Antibacterial', 'Insecticidal', 'Inhibition of Protease', 'Antiviral', 'Inhibition of phosphorylating electron transport', 'Inhibition of uncoupled electron transport', 'Inhibition of ATP synthesis', 'Inhibition of basal electron transport', 'Cell growth inhbition', 'Antinociceptive', 'Antichagasic', 'Inhibition of Cathepsin L', 'Mutagenic', 'Genotoxic', 'Insect antennae response', 'Anesthetic', 'Inhibition of Cathepsin B']]",doi_bioActivity
"['10.1590/S0103-50532005000800029', 'Antifungal']","['10.1590/S0103-50532005000800029', ['Cytotoxic', 'Antifungal', 'Antioxidant', 'Antitrypanosomal', 'Inhibition of Glycosidase', 'Inhibition of Acetylcholinesterase', 'Antiangiogenic', 'Anticancer', 'Insecticidal', 'Antiallergenic', 'Anti-inflamatory', 'Antimalarial', 'Inhibition of Myeloperoxodase', 'Antiviral', 'Inhibition of Protease', 'Inhibition of Cathepsin V', 'Anxiolytic', 'Molluscicidal', 'Antileishmanial', 'Antibacterial', 'Inhibition of uncoupled electron transport', 'Inhibition of phosphorylating electron transport', 'Inhibition of ATP synthesis', 'Inhibition of basal electron transport', 'Antinociceptive', 'Cell growth inhbition', 'Antichagasic', 'Inhibition of Cathepsin L', 'Mutagenic', 'Genotoxic', 'Insect antennae response', 'Anesthetic', 'Inhibition of Cathepsin B']]",doi_bioActivity
"['10.1016/S0031-9422(98)00069-7', 'Inhibition of Glycosidase']","['10.1016/S0031-9422(98)00069-7', ['Antifungal', 'Cytotoxic', 'Antitrypanosomal', 'Antioxidant', 'Inhibition of Glycosidase', 'Inhibition of Acetylcholinesterase', 'Antiangiogenic', 'Anticancer', 'Anti-inflamatory', 'Antiviral', 'Inhibition of Protease', 'Molluscicidal', 'Inhibition of Myeloperoxodase', 'Insecticidal', 'Inhibition of Cathepsin V', 'Antibacterial', 'Antiallergenic', 'Antimalarial', 'Antinociceptive', 'Anxiolytic', 'Inhibition of uncoupled electron transport', 'Inhibition of phosphorylating electron transport', 'Inhibition of basal electron transport', 'Inhibition of ATP synthesis', 'Antileishmanial', 'Cell growth inhbition', 'Antichagasic', 'Inhibition of Cathepsin L', 'Mutagenic', 'Genotoxic', 'Insect antennae response', 'Anesthetic', 'Inhibition of Cathepsin B']]",doi_bioActivity
"['10.1016/S0031-9422(99)00132-6', 'Antifungal']","['10.1016/S0031-9422(99)00132-6', ['Antifungal', 'Cytotoxic', 'Antioxidant', 'Anti-inflamatory', 'Antitrypanosomal', 'Inhibition of Glycosidase', 'Anticancer', 'Inhibition of Acetylcholinesterase', 'Inhibition of Myeloperoxodase', 'Antimalarial', 'Antibacterial', 'Antiangiogenic', 'Molluscicidal', 'Antinociceptive', 'Inhibition of Cathepsin V', 'Antiallergenic', 'Inhibition of Protease', 'Antiviral', 'Inhibition of uncoupled electron transport', 'Inhibition of phosphorylating electron transport', 'Inhibition of basal electron transport', 'Inhibition of ATP synthesis', 'Insecticidal', 'Anxiolytic', 'Antileishmanial', 'Cell growth inhbition', 'Antichagasic', 'Inhibition of Cathepsin L', 'Mutagenic', 'Genotoxic', 'Insect antennae response', 'Anesthetic', 'Inhibition of Cathepsin B']]",doi_bioActivity
"['10.5935/0100-4042.20140049', 'Cytotoxic']","['10.5935/0100-4042.20140049', ['Insecticidal', 'Inhibition of Acetylcholinesterase', 'Antifungal', 'Cytotoxic', 'Antitrypanosomal', 'Antiangiogenic', 'Inhibition of Glycosidase', 'Antioxidant', 'Anticancer', 'Anxiolytic', 'Antiallergenic', 'Inhibition of Cathepsin V', 'Inhibition of Protease', 'Antiviral', 'Antimalarial', 'Inhibition of Myeloperoxodase', 'Antileishmanial', 'Inhibition of uncoupled electron transport', 'Inhibition of phosphorylating electron transport', 'Inhibition of ATP synthesis', 'Inhibition of basal electron transport', 'Molluscicidal', 'Anti-inflamatory', 'Cell growth inhbition', 'Antibacterial', 'Antinociceptive', 'Antichagasic', 'Inhibition of Cathepsin L', 'Mutagenic', 'Genotoxic', 'Insect antennae response', 'Anesthetic', 'Inhibition of Cathepsin B']]",doi_bioActivity
"['10.1590/S0103-50532002000100019', 'Insecticidal']","['10.1590/S0103-50532002000100019', ['Cytotoxic', 'Antioxidant', 'Antifungal', 'Antitrypanosomal', 'Inhibition of Glycosidase', 'Inhibition of Myeloperoxodase', 'Antimalarial', 'Inhibition of Acetylcholinesterase', 'Anticancer', 'Insecticidal', 'Antiallergenic', 'Molluscicidal', 'Antiangiogenic', 'Anxiolytic', 'Inhibition of Cathepsin V', 'Anti-inflamatory', 'Antileishmanial', 'Antibacterial', 'Inhibition of Protease', 'Antiviral', 'Inhibition of phosphorylating electron transport', 'Inhibition of uncoupled electron transport', 'Inhibition of ATP synthesis', 'Inhibition of basal electron transport', 'Cell growth inhbition', 'Antinociceptive', 'Antichagasic', 'Inhibition of Cathepsin L', 'Mutagenic', 'Genotoxic', 'Insect antennae response', 'Anesthetic', 'Inhibition of Cathepsin B']]",doi_bioActivity
"['10.1016/S0031-9422(98)00249-0', 'Cytotoxic']","['10.1016/S0031-9422(98)00249-0', ['Antifungal', 'Cytotoxic', 'Antioxidant', 'Inhibition of Glycosidase', 'Antitrypanosomal', 'Anticancer', 'Inhibition of Acetylcholinesterase', 'Inhibition of Myeloperoxodase', 'Antiangiogenic', 'Antimalarial', 'Antibacterial', 'Antiviral', 'Inhibition of Protease', 'Anti-inflamatory', 'Antiallergenic', 'Molluscicidal', 'Inhibition of uncoupled electron transport', 'Inhibition of phosphorylating electron transport', 'Inhibition of basal electron transport', 'Inhibition of ATP synthesis', 'Inhibition of Cathepsin V', 'Anxiolytic', 'Insecticidal', 'Antileishmanial', 'Cell growth inhbition', 'Antinociceptive', 'Antichagasic', 'Inhibition of Cathepsin L', 'Mutagenic', 'Genotoxic', 'Insect antennae response', 'Anesthetic', 'Inhibition of Cathepsin B']]",doi_bioActivity
"['10.1021/jf60217a066', 'Insect antennae response']","['10.1021/jf60217a066', ['Cytotoxic', 'Antifungal', 'Antioxidant', 'Antitrypanosomal', 'Inhibition of Glycosidase', 'Molluscicidal', 'Anticancer', 'Inhibition of Acetylcholinesterase', 'Antimalarial', 'Antiangiogenic', 'Inhibition of Myeloperoxodase', 'Antiviral', 'Inhibition of Protease', 'Antiallergenic', 'Antibacterial', 'Anti-inflamatory', 'Inhibition of Cathepsin V', 'Insecticidal', 'Anxiolytic', 'Antileishmanial', 'Inhibition of uncoupled electron transport', 'Inhibition of phosphorylating electron transport', 'Inhibition of ATP synthesis', 'Inhibition of basal electron transport', 'Cell growth inhbition', 'Antinociceptive', 'Antichagasic', 'Inhibition of Cathepsin L', 'Mutagenic', 'Genotoxic', 'Insect antennae response', 'Anesthetic', 'Inhibition of Cathepsin B']]",doi_bioActivity
"['10.1590/S0103-50532002000100010', 'Antitrypanosomal']","['10.1590/S0103-50532002000100010', ['Cytotoxic', 'Antitrypanosomal', 'Antifungal', 'Inhibition of Acetylcholinesterase', 'Antioxidant', 'Inhibition of Glycosidase', 'Insecticidal', 'Anticancer', 'Antiangiogenic', 'Antiallergenic', 'Antimalarial', 'Inhibition of Myeloperoxodase', 'Anxiolytic', 'Anti-inflamatory', 'Inhibition of Cathepsin V', 'Inhibition of Protease', 'Antiviral', 'Molluscicidal', 'Antileishmanial', 'Inhibition of uncoupled electron transport', 'Inhibition of phosphorylating electron transport', 'Inhibition of basal electron transport', 'Inhibition of ATP synthesis', 'Antibacterial', 'Cell growth inhbition', 'Antinociceptive', 'Antichagasic', 'Inhibition of Cathepsin L', 'Mutagenic', 'Genotoxic', 'Insect antennae response', 'Anesthetic', 'Inhibition of Cathepsin B']]",doi_bioActivity
"['10.1016/S0031-9422(99)00132-6', 'Cytotoxic']","['10.1016/S0031-9422(99)00132-6', ['Antifungal', 'Cytotoxic', 'Antioxidant', 'Anti-inflamatory', 'Antitrypanosomal', 'Inhibition of Glycosidase', 'Anticancer', 'Inhibition of Acetylcholinesterase', 'Inhibition of Myeloperoxodase', 'Antimalarial', 'Antibacterial', 'Antiangiogenic', 'Molluscicidal', 'Antinociceptive', 'Inhibition of Cathepsin V', 'Antiallergenic', 'Inhibition of Protease', 'Antiviral', 'Inhibition of uncoupled electron transport', 'Inhibition of phosphorylating electron transport', 'Inhibition of basal electron transport', 'Inhibition of ATP synthesis', 'Insecticidal', 'Anxiolytic', 'Antileishmanial', 'Cell growth inhbition', 'Antichagasic', 'Inhibition of Cathepsin L', 'Mutagenic', 'Genotoxic', 'Insect antennae response', 'Anesthetic', 'Inhibition of Cathepsin B']]",doi_bioActivity
"['10.1002/ptr.1249', 'Antioxidant']","['10.1002/ptr.1249', ['Antioxidant', 'Antitrypanosomal', 'Inhibition of Glycosidase', 'Antifungal', 'Cytotoxic', 'Inhibition of Acetylcholinesterase', 'Anticancer', 'Antiangiogenic', 'Antimalarial', 'Inhibition of Myeloperoxodase', 'Antiviral', 'Inhibition of Protease', 'Anti-inflamatory', 'Insecticidal', 'Inhibition of phosphorylating electron transport', 'Inhibition of uncoupled electron transport', 'Inhibition of ATP synthesis', 'Inhibition of basal electron transport', 'Anxiolytic', 'Antibacterial', 'Antiallergenic', 'Inhibition of Cathepsin V', 'Cell growth inhbition', 'Molluscicidal', 'Antileishmanial', 'Antinociceptive', 'Antichagasic', 'Inhibition of Cathepsin L', 'Mutagenic', 'Genotoxic', 'Insect antennae response', 'Anesthetic', 'Inhibition of Cathepsin B']]",doi_bioActivity
"['10.1590/S0100-40422008000400018', 'Inhibition of Glycosidase']","['10.1590/S0100-40422008000400018', ['Insecticidal', 'Antifungal', 'Cytotoxic', 'Antitrypanosomal', 'Inhibition of Acetylcholinesterase', 'Inhibition of Glycosidase', 'Antioxidant', 'Antiangiogenic', 'Anticancer', 'Anxiolytic', 'Inhibition of Cathepsin V', 'Antiallergenic', 'Inhibition of Protease', 'Antiviral', 'Molluscicidal', 'Anti-inflamatory', 'Inhibition of Myeloperoxodase', 'Antimalarial', 'Antibacterial', 'Antileishmanial', 'Inhibition of uncoupled electron transport', 'Inhibition of phosphorylating electron transport', 'Inhibition of ATP synthesis', 'Inhibition of basal electron transport', 'Cell growth inhbition', 'Antinociceptive', 'Antichagasic', 'Inhibition of Cathepsin L', 'Mutagenic', 'Genotoxic', 'Insect antennae response', 'Anesthetic', 'Inhibition of Cathepsin B']]",doi_bioActivity
"['10.1016/j.jchromb.2012.07.013', 'Cytotoxic']","['10.1016/j.jchromb.2012.07.013', ['Antioxidant', 'Antitrypanosomal', 'Cytotoxic', 'Inhibition of Glycosidase', 'Anticancer', 'Antifungal', 'Antimalarial', 'Inhibition of Acetylcholinesterase', 'Inhibition of Myeloperoxodase', 'Anti-inflamatory', 'Inhibition of Protease', 'Antiviral', 'Antiangiogenic', 'Inhibition of uncoupled electron transport', 'Inhibition of phosphorylating electron transport', 'Inhibition of ATP synthesis', 'Inhibition of basal electron transport', 'Antiallergenic', 'Cell growth inhbition', 'Anxiolytic', 'Antileishmanial', 'Inhibition of Cathepsin V', 'Insecticidal', 'Antibacterial', 'Molluscicidal', 'Antinociceptive', 'Antichagasic', 'Inhibition of Cathepsin L', 'Mutagenic', 'Genotoxic', 'Insect antennae response', 'Anesthetic', 'Inhibition of Cathepsin B']]",doi_bioActivity
"['10.1155/2013/835081', 'Antifungal']","['10.1155/2013/835081', ['Cell growth inhbition', 'Inhibition of uncoupled electron transport', 'Inhibition of phosphorylating electron transport', 'Inhibition of basal electron transport', 'Inhibition of ATP synthesis', 'Antitrypanosomal', 'Antioxidant', 'Inhibition of Glycosidase', 'Inhibition of Acetylcholinesterase', 'Cytotoxic', 'Anticancer', 'Antimalarial', 'Antiangiogenic', 'Antifungal', 'Inhibition of Protease', 'Antiviral', 'Inhibition of Myeloperoxodase', 'Anxiolytic', 'Insecticidal', 'Antiallergenic', 'Antileishmanial', 'Anti-inflamatory', 'Antibacterial', 'Inhibition of Cathepsin V', 'Molluscicidal', 'Antinociceptive', 'Antichagasic', 'Inhibition of Cathepsin L', 'Mutagenic', 'Genotoxic', 'Insect antennae response', 'Anesthetic', 'Inhibition of Cathepsin B']]",doi_bioActivity
"['10.1590/s0100-40422008000700015', 'Cytotoxic']","['10.1590/s0100-40422008000700015', ['Insecticidal', 'Antifungal', 'Inhibition of Acetylcholinesterase', 'Antitrypanosomal', 'Cytotoxic', 'Inhibition of Glycosidase', 'Antioxidant', 'Antiangiogenic', 'Anticancer', 'Antiviral', 'Inhibition of Protease', 'Anxiolytic', 'Antiallergenic', 'Antimalarial', 'Inhibition of Myeloperoxodase', 'Inhibition of Cathepsin V', 'Inhibition of uncoupled electron transport', 'Inhibition of phosphorylating electron transport', 'Inhibition of ATP synthesis', 'Inhibition of basal electron transport', 'Antileishmanial', 'Molluscicidal', 'Anti-inflamatory', 'Cell growth inhbition', 'Antibacterial', 'Antinociceptive', 'Antichagasic', 'Inhibition of Cathepsin L', 'Mutagenic', 'Genotoxic', 'Insect antennae response', 'Anesthetic', 'Inhibition of Cathepsin B']]",doi_bioActivity
"['10.1021/np070312g', 'Anti-inflamatory']","['10.1021/np070312g', ['Antioxidant', 'Antifungal', 'Inhibition of Glycosidase', 'Anti-inflamatory', 'Inhibition of Acetylcholinesterase', 'Cytotoxic', 'Antitrypanosomal', 'Antiangiogenic', 'Anticancer', 'Antiviral', 'Inhibition of Protease', 'Antimalarial', 'Inhibition of Myeloperoxodase', 'Inhibition of Cathepsin V', 'Antinociceptive', 'Antiallergenic', 'Antibacterial', 'Molluscicidal', 'Anxiolytic', 'Insecticidal', 'Inhibition of uncoupled electron transport', 'Inhibition of phosphorylating electron transport', 'Inhibition of basal electron transport', 'Inhibition of ATP synthesis', 'Cell growth inhbition', 'Antileishmanial', 'Antichagasic', 'Inhibition of Cathepsin L', 'Mutagenic', 'Genotoxic', 'Insect antennae response', 'Anesthetic', 'Inhibition of Cathepsin B']]",doi_bioActivity
"['10.1107/S1600536803019913', 'Antileishmanial']","['10.1107/S1600536803019913', ['Antifungal', 'Antitrypanosomal', 'Cytotoxic', 'Anticancer', 'Inhibition of Acetylcholinesterase', 'Antioxidant', 'Inhibition of Glycosidase', 'Antiangiogenic', 'Anti-inflamatory', 'Insecticidal', 'Inhibition of Cathepsin V', 'Antibacterial', 'Inhibition of Protease', 'Antiviral', 'Antiallergenic', 'Antinociceptive', 'Inhibition of Myeloperoxodase', 'Anxiolytic', 'Inhibition of uncoupled electron transport', 'Inhibition of phosphorylating electron transport', 'Inhibition of basal electron transport', 'Inhibition of ATP synthesis', 'Cell growth inhbition', 'Antimalarial', 'Molluscicidal', 'Antileishmanial', 'Antichagasic', 'Inhibition of Cathepsin L', 'Mutagenic', 'Genotoxic', 'Insect antennae response', 'Anesthetic', 'Inhibition of Cathepsin B']]",doi_bioActivity
"['10.1590/S0073-47212009000100009', 'Insecticidal']","['10.1590/S0073-47212009000100009', ['Insecticidal', 'Antitrypanosomal', 'Antifungal', 'Inhibition of Acetylcholinesterase', 'Cytotoxic', 'Anxiolytic', 'Inhibition of Glycosidase', 'Antiallergenic', 'Antiangiogenic', 'Antioxidant', 'Anticancer', 'Inhibition of Cathepsin V', 'Cell growth inhbition', 'Antileishmanial', 'Anti-inflamatory', 'Inhibition of uncoupled electron transport', 'Inhibition of phosphorylating electron transport', 'Inhibition of ATP synthesis', 'Inhibition of basal electron transport', 'Inhibition of Protease', 'Antiviral', 'Antimalarial', 'Inhibition of Myeloperoxodase', 'Molluscicidal', 'Antibacterial', 'Antinociceptive', 'Antichagasic', 'Inhibition of Cathepsin L', 'Mutagenic', 'Genotoxic', 'Insect antennae response', 'Anesthetic', 'Inhibition of Cathepsin B']]",doi_bioActivity
"['10.1080/14786410412331271979', 'Cytotoxic']","['10.1080/14786410412331271979', ['Cytotoxic', 'Antitrypanosomal', 'Antioxidant', 'Antifungal', 'Anticancer', 'Inhibition of Glycosidase', 'Inhibition of Acetylcholinesterase', 'Antiangiogenic', 'Antiallergenic', 'Antimalarial', 'Anti-inflamatory', 'Antibacterial', 'Inhibition of Myeloperoxodase', 'Antiviral', 'Inhibition of Protease', 'Anxiolytic', 'Molluscicidal', 'Insecticidal', 'Inhibition of Cathepsin V', 'Inhibition of uncoupled electron transport', 'Inhibition of phosphorylating electron transport', 'Inhibition of basal electron transport', 'Inhibition of ATP synthesis', 'Cell growth inhbition', 'Antileishmanial', 'Antinociceptive', 'Antichagasic', 'Inhibition of Cathepsin L', 'Mutagenic', 'Genotoxic', 'Insect antennae response', 'Anesthetic', 'Inhibition of Cathepsin B']]",doi_bioActivity
"['10.1590/S0100-40422008000400018', 'Antioxidant']","['10.1590/S0100-40422008000400018', ['Insecticidal', 'Antifungal', 'Cytotoxic', 'Antitrypanosomal', 'Inhibition of Acetylcholinesterase', 'Inhibition of Glycosidase', 'Antioxidant', 'Antiangiogenic', 'Anticancer', 'Anxiolytic', 'Inhibition of Cathepsin V', 'Antiallergenic', 'Inhibition of Protease', 'Antiviral', 'Molluscicidal', 'Anti-inflamatory', 'Inhibition of Myeloperoxodase', 'Antimalarial', 'Antibacterial', 'Antileishmanial', 'Inhibition of uncoupled electron transport', 'Inhibition of phosphorylating electron transport', 'Inhibition of ATP synthesis', 'Inhibition of basal electron transport', 'Cell growth inhbition', 'Antinociceptive', 'Antichagasic', 'Inhibition of Cathepsin L', 'Mutagenic', 'Genotoxic', 'Insect antennae response', 'Anesthetic', 'Inhibition of Cathepsin B']]",doi_bioActivity
"['10.1055/s-0034-1368301', 'Anticancer']","['10.1055/s-0034-1368301', ['Inhibition of Glycosidase', 'Cytotoxic', 'Inhibition of Acetylcholinesterase', 'Antioxidant', 'Antitrypanosomal', 'Anticancer', 'Antiallergenic', 'Antifungal', 'Antiangiogenic', 'Antimalarial', 'Cell growth inhbition', 'Anxiolytic', 'Inhibition of uncoupled electron transport', 'Inhibition of phosphorylating electron transport', 'Inhibition of ATP synthesis', 'Inhibition of basal electron transport', 'Inhibition of Myeloperoxodase', 'Anti-inflamatory', 'Insecticidal', 'Antiviral', 'Inhibition of Protease', 'Antileishmanial', 'Inhibition of Cathepsin V', 'Molluscicidal', 'Antibacterial', 'Antinociceptive', 'Antichagasic', 'Inhibition of Cathepsin L', 'Mutagenic', 'Genotoxic', 'Insect antennae response', 'Anesthetic', 'Inhibition of Cathepsin B']]",doi_bioActivity
"['10.1016/j.jep.2007.09.020', 'Antileishmanial']","['10.1016/j.jep.2007.09.020', ['Inhibition of Glycosidase', 'Antitrypanosomal', 'Inhibition of Acetylcholinesterase', 'Antioxidant', 'Antiangiogenic', 'Cytotoxic', 'Antifungal', 'Anticancer', 'Cell growth inhbition', 'Antimalarial', 'Insecticidal', 'Antiviral', 'Inhibition of Protease', 'Anxiolytic', 'Anti-inflamatory', 'Antiallergenic', 'Inhibition of uncoupled electron transport', 'Inhibition of phosphorylating electron transport', 'Inhibition of basal electron transport', 'Inhibition of ATP synthesis', 'Inhibition of Myeloperoxodase', 'Inhibition of Cathepsin V', 'Antibacterial', 'Antileishmanial', 'Antinociceptive', 'Molluscicidal', 'Antichagasic', 'Inhibition of Cathepsin L', 'Mutagenic', 'Genotoxic', 'Insect antennae response', 'Anesthetic', 'Inhibition of Cathepsin B']]",doi_bioActivity
"['10.3390/molecules190812031', 'Insecticidal']","['10.3390/molecules190812031', ['Antioxidant', 'Cytotoxic', 'Antifungal', 'Antitrypanosomal', 'Inhibition of Acetylcholinesterase', 'Inhibition of Glycosidase', 'Antimalarial', 'Inhibition of Myeloperoxodase', 'Anticancer', 'Antiangiogenic', 'Inhibition of Cathepsin V', 'Anti-inflamatory', 'Molluscicidal', 'Anxiolytic', 'Inhibition of Protease', 'Antiviral', 'Inhibition of uncoupled electron transport', 'Inhibition of phosphorylating electron transport', 'Inhibition of ATP synthesis', 'Inhibition of basal electron transport', 'Insecticidal', 'Antiallergenic', 'Antileishmanial', 'Cell growth inhbition', 'Antibacterial', 'Antinociceptive', 'Antichagasic', 'Inhibition of Cathepsin L', 'Mutagenic', 'Genotoxic', 'Insect antennae response', 'Anesthetic', 'Inhibition of Cathepsin B']]",doi_bioActivity
"['10.1016/j.micres.2004.06.003', 'Antibacterial']","['10.1016/j.micres.2004.06.003', ['Antitrypanosomal', 'Inhibition of Glycosidase', 'Antioxidant', 'Cytotoxic', 'Inhibition of Acetylcholinesterase', 'Antimalarial', 'Antifungal', 'Cell growth inhbition', 'Inhibition of phosphorylating electron transport', 'Inhibition of uncoupled electron transport', 'Inhibition of ATP synthesis', 'Inhibition of basal electron transport', 'Anticancer', 'Inhibition of Myeloperoxodase', 'Insecticidal', 'Antiangiogenic', 'Anxiolytic', 'Antiallergenic', 'Antiviral', 'Inhibition of Protease', 'Anti-inflamatory', 'Antileishmanial', 'Molluscicidal', 'Inhibition of Cathepsin V', 'Antibacterial', 'Antinociceptive', 'Antichagasic', 'Inhibition of Cathepsin L', 'Mutagenic', 'Genotoxic', 'Insect antennae response', 'Anesthetic', 'Inhibition of Cathepsin B']]",doi_bioActivity
"['10.1590/S0100-40422010001000006', 'Cytotoxic']","['10.1590/S0100-40422010001000006', ['Insecticidal', 'Antifungal', 'Antitrypanosomal', 'Cytotoxic', 'Inhibition of Acetylcholinesterase', 'Antioxidant', 'Inhibition of Glycosidase', 'Antiangiogenic', 'Anticancer', 'Antiviral', 'Inhibition of Protease', 'Inhibition of Myeloperoxodase', 'Antimalarial', 'Anxiolytic', 'Inhibition of Cathepsin V', 'Anti-inflamatory', 'Molluscicidal', 'Antiallergenic', 'Inhibition of uncoupled electron transport', 'Inhibition of phosphorylating electron transport', 'Inhibition of basal electron transport', 'Inhibition of ATP synthesis', 'Antileishmanial', 'Antibacterial', 'Cell growth inhbition', 'Antinociceptive', 'Antichagasic', 'Inhibition of Cathepsin L', 'Mutagenic', 'Genotoxic', 'Insect antennae response', 'Anesthetic', 'Inhibition of Cathepsin B']]",doi_bioActivity
"['10.1002/hlca.200890147', 'Antifungal']","['10.1002/hlca.200890147', ['Cytotoxic', 'Antioxidant', 'Antifungal', 'Antitrypanosomal', 'Inhibition of Glycosidase', 'Inhibition of Acetylcholinesterase', 'Anticancer', 'Antiangiogenic', 'Inhibition of Myeloperoxodase', 'Antimalarial', 'Antiallergenic', 'Anti-inflamatory', 'Inhibition of Cathepsin V', 'Anxiolytic', 'Antibacterial', 'Insecticidal', 'Antiviral', 'Inhibition of Protease', 'Molluscicidal', 'Inhibition of uncoupled electron transport', 'Inhibition of phosphorylating electron transport', 'Inhibition of basal electron transport', 'Inhibition of ATP synthesis', 'Antileishmanial', 'Cell growth inhbition', 'Antinociceptive', 'Antichagasic', 'Inhibition of Cathepsin L', 'Mutagenic', 'Genotoxic', 'Insect antennae response', 'Anesthetic', 'Inhibition of Cathepsin B']]",doi_bioActivity
"['10.1016/S0031-9422(00)00477-5', 'Antioxidant']","['10.1016/S0031-9422(00)00477-5', ['Antioxidant', 'Antifungal', 'Cytotoxic', 'Inhibition of Glycosidase', 'Antitrypanosomal', 'Inhibition of Myeloperoxodase', 'Antimalarial', 'Anticancer', 'Inhibition of Acetylcholinesterase', 'Anti-inflamatory', 'Antiangiogenic', 'Molluscicidal', 'Inhibition of Protease', 'Antiviral', 'Antibacterial', 'Antiallergenic', 'Inhibition of Cathepsin V', 'Inhibition of uncoupled electron transport', 'Inhibition of phosphorylating electron transport', 'Inhibition of ATP synthesis', 'Inhibition of basal electron transport', 'Antileishmanial', 'Antinociceptive', 'Anxiolytic', 'Insecticidal', 'Cell growth inhbition', 'Antichagasic', 'Inhibition of Cathepsin L', 'Mutagenic', 'Genotoxic', 'Insect antennae response', 'Anesthetic', 'Inhibition of Cathepsin B']]",doi_bioActivity
"['10.5935/0103-5053.19960024', 'Antifungal']","['10.5935/0103-5053.19960024', ['Inhibition of Protease', 'Antimalarial', 'Antiangiogenic', 'Molluscicidal', 'Inhibition of Cathepsin L', 'Anxiolytic', 'Inhibition of Myeloperoxodase', 'Inhibition of Glycosidase', 'Inhibition of Cathepsin V', 'Anticancer', 'Inhibition of basal electron transport', 'Antiallergenic', 'Antinociceptive', 'Inhibition of uncoupled electron transport', 'Cell growth inhbition', 'Antichagasic', 'Genotoxic', 'Anesthetic', 'Antifungal', 'Anti-inflamatory', 'Cytotoxic', 'Mutagenic', 'Antioxidant', 'Antileishmanial', 'Insecticidal', 'Insect antennae response', 'Inhibition of ATP synthesis', 'Antibacterial', 'Inhibition of Cathepsin B', 'Antiviral', 'Antitrypanosomal', 'Inhibition of Acetylcholinesterase', 'Inhibition of phosphorylating electron transport']]",doi_bioActivity
"['10.1590/S0103-50532009000400008', 'Antileishmanial']","['10.1590/S0103-50532009000400008', ['Inhibition of Acetylcholinesterase', 'Antioxidant', 'Inhibition of Glycosidase', 'Cytotoxic', 'Antitrypanosomal', 'Antifungal', 'Antiangiogenic', 'Anticancer', 'Antimalarial', 'Cell growth inhbition', 'Anti-inflamatory', 'Inhibition of Myeloperoxodase', 'Inhibition of Protease', 'Antiviral', 'Antiallergenic', 'Inhibition of uncoupled electron transport', 'Inhibition of phosphorylating electron transport', 'Inhibition of basal electron transport', 'Inhibition of ATP synthesis', 'Inhibition of Cathepsin V', 'Anxiolytic', 'Insecticidal', 'Molluscicidal', 'Antibacterial', 'Antinociceptive', 'Antileishmanial', 'Antichagasic', 'Inhibition of Cathepsin L', 'Mutagenic', 'Genotoxic', 'Insect antennae response', 'Anesthetic', 'Inhibition of Cathepsin B']]",doi_bioActivity
"['10.1590/S0103-50532005000800025', 'Inhibition of Acetylcholinesterase']","['10.1590/S0103-50532005000800025', ['Antitrypanosomal', 'Antioxidant', 'Inhibition of Acetylcholinesterase', 'Inhibition of Glycosidase', 'Cytotoxic', 'Anticancer', 'Antifungal', 'Inhibition of uncoupled electron transport', 'Inhibition of phosphorylating electron transport', 'Inhibition of ATP synthesis', 'Inhibition of basal electron transport', 'Antimalarial', 'Antiangiogenic', 'Cell growth inhbition', 'Inhibition of Protease', 'Antiviral', 'Insecticidal', 'Anti-inflamatory', 'Anxiolytic', 'Inhibition of Myeloperoxodase', 'Antiallergenic', 'Inhibition of Cathepsin V', 'Antileishmanial', 'Antibacterial', 'Molluscicidal', 'Antinociceptive', 'Antichagasic', 'Inhibition of Cathepsin L', 'Mutagenic', 'Genotoxic', 'Insect antennae response', 'Anesthetic', 'Inhibition of Cathepsin B']]",doi_bioActivity
"['10.1016/j.phytochem.2006.06.004', 'Cytotoxic']","['10.1016/j.phytochem.2006.06.004', ['Antifungal', 'Cytotoxic', 'Antioxidant', 'Inhibition of Acetylcholinesterase', 'Inhibition of Glycosidase', 'Antitrypanosomal', 'Antiangiogenic', 'Anticancer', 'Inhibition of Myeloperoxodase', 'Antimalarial', 'Anti-inflamatory', 'Inhibition of Cathepsin V', 'Antiallergenic', 'Antiviral', 'Inhibition of Protease', 'Insecticidal', 'Molluscicidal', 'Inhibition of uncoupled electron transport', 'Inhibition of phosphorylating electron transport', 'Inhibition of ATP synthesis', 'Inhibition of basal electron transport', 'Anxiolytic', 'Antibacterial', 'Antileishmanial', 'Cell growth inhbition', 'Antinociceptive', 'Antichagasic', 'Inhibition of Cathepsin L', 'Mutagenic', 'Genotoxic', 'Insect antennae response', 'Anesthetic', 'Inhibition of Cathepsin B']]",doi_bioActivity
"['10.1016/j.jfca.2003.09.013', 'Antioxidant']","['10.1016/j.jfca.2003.09.013', ['Antitrypanosomal', 'Cytotoxic', 'Antioxidant', 'Antifungal', 'Anticancer', 'Inhibition of Glycosidase', 'Inhibition of Acetylcholinesterase', 'Antiangiogenic', 'Antiallergenic', 'Insecticidal', 'Antimalarial', 'Inhibition of uncoupled electron transport', 'Inhibition of phosphorylating electron transport', 'Inhibition of basal electron transport', 'Inhibition of ATP synthesis', 'Anxiolytic', 'Cell growth inhbition', 'Inhibition of Myeloperoxodase', 'Antiviral', 'Inhibition of Protease', 'Anti-inflamatory', 'Antileishmanial', 'Inhibition of Cathepsin V', 'Antibacterial', 'Molluscicidal', 'Antinociceptive', 'Antichagasic', 'Inhibition of Cathepsin L', 'Mutagenic', 'Genotoxic', 'Insect antennae response', 'Anesthetic', 'Inhibition of Cathepsin B']]",doi_bioActivity
"['10.1590/S0103-50532007000700017', 'Antioxidant']","['10.1590/S0103-50532007000700017', ['Antioxidant', 'Antitrypanosomal', 'Inhibition of Glycosidase', 'Inhibition of Acetylcholinesterase', 'Cytotoxic', 'Anticancer', 'Antifungal', 'Antiangiogenic', 'Antimalarial', 'Inhibition of uncoupled electron transport', 'Inhibition of phosphorylating electron transport', 'Inhibition of ATP synthesis', 'Inhibition of basal electron transport', 'Cell growth inhbition', 'Inhibition of Protease', 'Antiviral', 'Anti-inflamatory', 'Insecticidal', 'Inhibition of Myeloperoxodase', 'Anxiolytic', 'Antiallergenic', 'Inhibition of Cathepsin V', 'Antibacterial', 'Antileishmanial', 'Molluscicidal', 'Antinociceptive', 'Antichagasic', 'Inhibition of Cathepsin L', 'Mutagenic', 'Genotoxic', 'Insect antennae response', 'Anesthetic', 'Inhibition of Cathepsin B']]",doi_bioActivity
"['10.1016/j.phytochem.2006.06.004', 'Antifungal']","['10.1016/j.phytochem.2006.06.004', ['Antifungal', 'Cytotoxic', 'Antioxidant', 'Inhibition of Acetylcholinesterase', 'Inhibition of Glycosidase', 'Antitrypanosomal', 'Antiangiogenic', 'Anticancer', 'Inhibition of Myeloperoxodase', 'Antimalarial', 'Anti-inflamatory', 'Inhibition of Cathepsin V', 'Antiallergenic', 'Antiviral', 'Inhibition of Protease', 'Insecticidal', 'Molluscicidal', 'Inhibition of uncoupled electron transport', 'Inhibition of phosphorylating electron transport', 'Inhibition of ATP synthesis', 'Inhibition of basal electron transport', 'Anxiolytic', 'Antibacterial', 'Antileishmanial', 'Cell growth inhbition', 'Antinociceptive', 'Antichagasic', 'Inhibition of Cathepsin L', 'Mutagenic', 'Genotoxic', 'Insect antennae response', 'Anesthetic', 'Inhibition of Cathepsin B']]",doi_bioActivity
"['10.1021/np9004079', 'Cytotoxic']","['10.1021/np9004079', ['Antioxidant', 'Cytotoxic', 'Inhibition of Glycosidase', 'Antitrypanosomal', 'Antifungal', 'Inhibition of Acetylcholinesterase', 'Anxiolytic', 'Inhibition of Cathepsin V', 'Anticancer', 'Antiangiogenic', 'Antiallergenic', 'Anti-inflamatory', 'Inhibition of Myeloperoxodase', 'Antimalarial', 'Inhibition of Protease', 'Antiviral', 'Insecticidal', 'Antileishmanial', 'Molluscicidal', 'Inhibition of uncoupled electron transport', 'Inhibition of phosphorylating electron transport', 'Inhibition of basal electron transport', 'Inhibition of ATP synthesis', 'Cell growth inhbition', 'Antibacterial', 'Antinociceptive', 'Antichagasic', 'Inhibition of Cathepsin L', 'Mutagenic', 'Genotoxic', 'Insect antennae response', 'Anesthetic', 'Inhibition of Cathepsin B']]",doi_bioActivity
"['10.1590/S0103-50532003000300007', 'Antitrypanosomal']","['10.1590/S0103-50532003000300007', ['Cytotoxic', 'Antifungal', 'Antitrypanosomal', 'Antioxidant', 'Inhibition of Acetylcholinesterase', 'Insecticidal', 'Inhibition of Glycosidase', 'Antiangiogenic', 'Anticancer', 'Antiallergenic', 'Antimalarial', 'Inhibition of Myeloperoxodase', 'Anti-inflamatory', 'Anxiolytic', 'Inhibition of Cathepsin V', 'Molluscicidal', 'Inhibition of Protease', 'Antiviral', 'Antileishmanial', 'Antibacterial', 'Inhibition of uncoupled electron transport', 'Inhibition of phosphorylating electron transport', 'Inhibition of ATP synthesis', 'Inhibition of basal electron transport', 'Antinociceptive', 'Cell growth inhbition', 'Antichagasic', 'Inhibition of Cathepsin L', 'Mutagenic', 'Genotoxic', 'Insect antennae response', 'Anesthetic', 'Inhibition of Cathepsin B']]",doi_bioActivity
"['10.1016/j.jep.2007.09.020', 'Antitrypanosomal']","['10.1016/j.jep.2007.09.020', ['Inhibition of Glycosidase', 'Antitrypanosomal', 'Inhibition of Acetylcholinesterase', 'Antioxidant', 'Antiangiogenic', 'Cytotoxic', 'Antifungal', 'Anticancer', 'Cell growth inhbition', 'Antimalarial', 'Insecticidal', 'Antiviral', 'Inhibition of Protease', 'Anxiolytic', 'Anti-inflamatory', 'Antiallergenic', 'Inhibition of uncoupled electron transport', 'Inhibition of phosphorylating electron transport', 'Inhibition of basal electron transport', 'Inhibition of ATP synthesis', 'Inhibition of Myeloperoxodase', 'Inhibition of Cathepsin V', 'Antibacterial', 'Antileishmanial', 'Antinociceptive', 'Molluscicidal', 'Antichagasic', 'Inhibition of Cathepsin L', 'Mutagenic', 'Genotoxic', 'Insect antennae response', 'Anesthetic', 'Inhibition of Cathepsin B']]",doi_bioActivity
"['10.1021/np500453x', 'Anticancer']","['10.1021/np500453x', ['Antitrypanosomal', 'Antioxidant', 'Inhibition of Glycosidase', 'Inhibition of Acetylcholinesterase', 'Cytotoxic', 'Anticancer', 'Antimalarial', 'Cell growth inhbition', 'Inhibition of uncoupled electron transport', 'Inhibition of phosphorylating electron transport', 'Inhibition of ATP synthesis', 'Inhibition of basal electron transport', 'Antifungal', 'Antiangiogenic', 'Anti-inflamatory', 'Inhibition of Myeloperoxodase', 'Antiviral', 'Inhibition of Protease', 'Antiallergenic', 'Anxiolytic', 'Insecticidal', 'Inhibition of Cathepsin V', 'Antileishmanial', 'Molluscicidal', 'Antibacterial', 'Antinociceptive', 'Antichagasic', 'Inhibition of Cathepsin L', 'Mutagenic', 'Genotoxic', 'Insect antennae response', 'Anesthetic', 'Inhibition of Cathepsin B']]",doi_bioActivity
"['10.1021/np9703656', 'Antifungal']","['10.1021/np9703656', ['Antioxidant', 'Cytotoxic', 'Antifungal', 'Inhibition of Acetylcholinesterase', 'Inhibition of Glycosidase', 'Antitrypanosomal', 'Antiangiogenic', 'Anticancer', 'Inhibition of Cathepsin V', 'Anti-inflamatory', 'Antiallergenic', 'Inhibition of Myeloperoxodase', 'Antimalarial', 'Anxiolytic', 'Molluscicidal', 'Inhibition of Protease', 'Antiviral', 'Antibacterial', 'Insecticidal', 'Inhibition of uncoupled electron transport', 'Inhibition of phosphorylating electron transport', 'Inhibition of basal electron transport', 'Inhibition of ATP synthesis', 'Antileishmanial', 'Antinociceptive', 'Cell growth inhbition', 'Antichagasic', 'Inhibition of Cathepsin L', 'Mutagenic', 'Genotoxic', 'Insect antennae response', 'Anesthetic', 'Inhibition of Cathepsin B']]",doi_bioActivity
"['10.1021/np0103970', 'Antitrypanosomal']","['10.1021/np0103970', ['Antioxidant', 'Antiangiogenic', 'Cytotoxic', 'Inhibition of Acetylcholinesterase', 'Inhibition of Glycosidase', 'Antitrypanosomal', 'Antifungal', 'Anticancer', 'Anti-inflamatory', 'Inhibition of Cathepsin V', 'Inhibition of Protease', 'Antiviral', 'Inhibition of Myeloperoxodase', 'Antimalarial', 'Inhibition of uncoupled electron transport', 'Inhibition of phosphorylating electron transport', 'Inhibition of ATP synthesis', 'Inhibition of basal electron transport', 'Antibacterial', 'Antiallergenic', 'Insecticidal', 'Antinociceptive', 'Anxiolytic', 'Antileishmanial', 'Molluscicidal', 'Cell growth inhbition', 'Antichagasic', 'Inhibition of Cathepsin L', 'Mutagenic', 'Genotoxic', 'Insect antennae response', 'Anesthetic', 'Inhibition of Cathepsin B']]",doi_bioActivity
"['10.1016/S0031-9422(00)00225-9', 'Antibacterial']","['10.1016/S0031-9422(00)00225-9', ['Cytotoxic', 'Antifungal', 'Antioxidant', 'Antitrypanosomal', 'Inhibition of Glycosidase', 'Inhibition of Acetylcholinesterase', 'Antimalarial', 'Anticancer', 'Inhibition of Myeloperoxodase', 'Antiangiogenic', 'Inhibition of Cathepsin V', 'Anxiolytic', 'Antiallergenic', 'Inhibition of Protease', 'Antiviral', 'Anti-inflamatory', 'Inhibition of phosphorylating electron transport', 'Inhibition of uncoupled electron transport', 'Inhibition of ATP synthesis', 'Inhibition of basal electron transport', 'Molluscicidal', 'Insecticidal', 'Antibacterial', 'Antileishmanial', 'Cell growth inhbition', 'Antinociceptive', 'Antichagasic', 'Inhibition of Cathepsin L', 'Mutagenic', 'Genotoxic', 'Insect antennae response', 'Anesthetic', 'Inhibition of Cathepsin B']]",doi_bioActivity
"['10.1590/S0103-50532002000100010', 'Antifungal']","['10.1590/S0103-50532002000100010', ['Cytotoxic', 'Antitrypanosomal', 'Antifungal', 'Inhibition of Acetylcholinesterase', 'Antioxidant', 'Inhibition of Glycosidase', 'Insecticidal', 'Anticancer', 'Antiangiogenic', 'Antiallergenic', 'Antimalarial', 'Inhibition of Myeloperoxodase', 'Anxiolytic', 'Anti-inflamatory', 'Inhibition of Cathepsin V', 'Inhibition of Protease', 'Antiviral', 'Molluscicidal', 'Antileishmanial', 'Inhibition of uncoupled electron transport', 'Inhibition of phosphorylating electron transport', 'Inhibition of basal electron transport', 'Inhibition of ATP synthesis', 'Antibacterial', 'Cell growth inhbition', 'Antinociceptive', 'Antichagasic', 'Inhibition of Cathepsin L', 'Mutagenic', 'Genotoxic', 'Insect antennae response', 'Anesthetic', 'Inhibition of Cathepsin B']]",doi_bioActivity
"['10.1590/S0103-50532005000800008', 'Antioxidant']","['10.1590/S0103-50532005000800008', ['Antifungal', 'Antioxidant', 'Cytotoxic', 'Antitrypanosomal', 'Inhibition of Acetylcholinesterase', 'Inhibition of Glycosidase', 'Antiangiogenic', 'Anticancer', 'Antimalarial', 'Insecticidal', 'Anti-inflamatory', 'Inhibition of Myeloperoxodase', 'Antiallergenic', 'Inhibition of Cathepsin V', 'Anxiolytic', 'Inhibition of Protease', 'Antiviral', 'Molluscicidal', 'Antibacterial', 'Antileishmanial', 'Inhibition of uncoupled electron transport', 'Inhibition of phosphorylating electron transport', 'Inhibition of ATP synthesis', 'Inhibition of basal electron transport', 'Antinociceptive', 'Cell growth inhbition', 'Antichagasic', 'Inhibition of Cathepsin L', 'Mutagenic', 'Genotoxic', 'Insect antennae response', 'Anesthetic', 'Inhibition of Cathepsin B']]",doi_bioActivity
"['10.1021/np500453x', 'Inhibition of Cathepsin B']","['10.1021/np500453x', ['Antitrypanosomal', 'Antioxidant', 'Inhibition of Glycosidase', 'Inhibition of Acetylcholinesterase', 'Cytotoxic', 'Anticancer', 'Antimalarial', 'Cell growth inhbition', 'Inhibition of uncoupled electron transport', 'Inhibition of phosphorylating electron transport', 'Inhibition of ATP synthesis', 'Inhibition of basal electron transport', 'Antifungal', 'Antiangiogenic', 'Anti-inflamatory', 'Inhibition of Myeloperoxodase', 'Antiviral', 'Inhibition of Protease', 'Antiallergenic', 'Anxiolytic', 'Insecticidal', 'Inhibition of Cathepsin V', 'Antileishmanial', 'Molluscicidal', 'Antibacterial', 'Antinociceptive', 'Antichagasic', 'Inhibition of Cathepsin L', 'Mutagenic', 'Genotoxic', 'Insect antennae response', 'Anesthetic', 'Inhibition of Cathepsin B']]",doi_bioActivity
"['10.1248/bpb.31.538', 'Antitrypanosomal']","['10.1248/bpb.31.538', ['Anti-inflamatory', 'Antinociceptive', 'Antioxidant', 'Antifungal', 'Antitrypanosomal', 'Inhibition of Glycosidase', 'Cytotoxic', 'Anticancer', 'Inhibition of Acetylcholinesterase', 'Inhibition of Myeloperoxodase', 'Antimalarial', 'Antiangiogenic', 'Antibacterial', 'Antiviral', 'Inhibition of Protease', 'Inhibition of uncoupled electron transport', 'Inhibition of phosphorylating electron transport', 'Inhibition of ATP synthesis', 'Inhibition of basal electron transport', 'Antiallergenic', 'Antileishmanial', 'Inhibition of Cathepsin V', 'Insecticidal', 'Molluscicidal', 'Anxiolytic', 'Cell growth inhbition', 'Antichagasic', 'Inhibition of Cathepsin L', 'Mutagenic', 'Genotoxic', 'Insect antennae response', 'Anesthetic', 'Inhibition of Cathepsin B']]",doi_bioActivity
"['10.5935/0103-5053.19930018', 'Antitrypanosomal']","['10.5935/0103-5053.19930018', ['Inhibition of Protease', 'Antimalarial', 'Antiangiogenic', 'Molluscicidal', 'Inhibition of Cathepsin L', 'Anxiolytic', 'Inhibition of Myeloperoxodase', 'Inhibition of Glycosidase', 'Inhibition of Cathepsin V', 'Anticancer', 'Inhibition of basal electron transport', 'Antiallergenic', 'Antinociceptive', 'Inhibition of uncoupled electron transport', 'Cell growth inhbition', 'Antichagasic', 'Genotoxic', 'Anesthetic', 'Antifungal', 'Anti-inflamatory', 'Cytotoxic', 'Mutagenic', 'Antioxidant', 'Antileishmanial', 'Insecticidal', 'Insect antennae response', 'Inhibition of ATP synthesis', 'Antibacterial', 'Inhibition of Cathepsin B', 'Antiviral', 'Antitrypanosomal', 'Inhibition of Acetylcholinesterase', 'Inhibition of phosphorylating electron transport']]",doi_bioActivity
"['10.1021/np0303963', 'Cytotoxic']","['10.1021/np0303963', ['Antioxidant', 'Cytotoxic', 'Antitrypanosomal', 'Inhibition of Glycosidase', 'Inhibition of Acetylcholinesterase', 'Antifungal', 'Antiangiogenic', 'Anticancer', 'Antimalarial', 'Inhibition of Myeloperoxodase', 'Antiviral', 'Inhibition of Protease', 'Inhibition of uncoupled electron transport', 'Inhibition of phosphorylating electron transport', 'Inhibition of basal electron transport', 'Inhibition of ATP synthesis', 'Antiallergenic', 'Anxiolytic', 'Anti-inflamatory', 'Insecticidal', 'Antileishmanial', 'Inhibition of Cathepsin V', 'Cell growth inhbition', 'Antibacterial', 'Molluscicidal', 'Antinociceptive', 'Antichagasic', 'Inhibition of Cathepsin L', 'Mutagenic', 'Genotoxic', 'Insect antennae response', 'Anesthetic', 'Inhibition of Cathepsin B']]",doi_bioActivity
"['10.1016/0031-9422(90)80024-B', 'Molluscicidal']","['10.1016/0031-9422(90)80024-B', ['Antifungal', 'Cytotoxic', 'Antitrypanosomal', 'Antioxidant', 'Molluscicidal', 'Inhibition of Glycosidase', 'Inhibition of Acetylcholinesterase', 'Inhibition of Myeloperoxodase', 'Anticancer', 'Antimalarial', 'Antiviral', 'Inhibition of Protease', 'Anti-inflamatory', 'Inhibition of Cathepsin V', 'Antiangiogenic', 'Antileishmanial', 'Antiallergenic', 'Antibacterial', 'Inhibition of uncoupled electron transport', 'Inhibition of phosphorylating electron transport', 'Inhibition of basal electron transport', 'Inhibition of ATP synthesis', 'Insecticidal', 'Anxiolytic', 'Cell growth inhbition', 'Antinociceptive', 'Antichagasic', 'Inhibition of Cathepsin L', 'Mutagenic', 'Genotoxic', 'Insect antennae response', 'Anesthetic', 'Inhibition of Cathepsin B']]",doi_bioActivity
"['10.1590/S0103-50532005000800029', 'Cytotoxic']","['10.1590/S0103-50532005000800029', ['Cytotoxic', 'Antifungal', 'Antioxidant', 'Antitrypanosomal', 'Inhibition of Glycosidase', 'Inhibition of Acetylcholinesterase', 'Antiangiogenic', 'Anticancer', 'Insecticidal', 'Antiallergenic', 'Anti-inflamatory', 'Antimalarial', 'Inhibition of Myeloperoxodase', 'Antiviral', 'Inhibition of Protease', 'Inhibition of Cathepsin V', 'Anxiolytic', 'Molluscicidal', 'Antileishmanial', 'Antibacterial', 'Inhibition of uncoupled electron transport', 'Inhibition of phosphorylating electron transport', 'Inhibition of ATP synthesis', 'Inhibition of basal electron transport', 'Antinociceptive', 'Cell growth inhbition', 'Antichagasic', 'Inhibition of Cathepsin L', 'Mutagenic', 'Genotoxic', 'Insect antennae response', 'Anesthetic', 'Inhibition of Cathepsin B']]",doi_bioActivity
"['10.1590/S0103-50532009000100029', 'Antitrypanosomal']","['10.1590/S0103-50532009000100029', ['Cytotoxic', 'Inhibition of Acetylcholinesterase', 'Antitrypanosomal', 'Antiangiogenic', 'Antioxidant', 'Antifungal', 'Inhibition of Glycosidase', 'Anticancer', 'Insecticidal', 'Antiallergenic', 'Inhibition of Protease', 'Antiviral', 'Antimalarial', 'Anti-inflamatory', 'Anxiolytic', 'Antileishmanial', 'Inhibition of uncoupled electron transport', 'Inhibition of phosphorylating electron transport', 'Inhibition of basal electron transport', 'Inhibition of ATP synthesis', 'Inhibition of Myeloperoxodase', 'Inhibition of Cathepsin V', 'Molluscicidal', 'Cell growth inhbition', 'Antibacterial', 'Antinociceptive', 'Antichagasic', 'Inhibition of Cathepsin L', 'Mutagenic', 'Genotoxic', 'Insect antennae response', 'Anesthetic', 'Inhibition of Cathepsin B']]",doi_bioActivity
"['10.1016/0040-4020(95)00254-6', 'Cytotoxic']","['10.1016/0040-4020(95)00254-6', ['Antifungal', 'Cytotoxic', 'Antioxidant', 'Antitrypanosomal', 'Inhibition of Acetylcholinesterase', 'Inhibition of Glycosidase', 'Anticancer', 'Inhibition of Cathepsin V', 'Anti-inflamatory', 'Inhibition of Myeloperoxodase', 'Antimalarial', 'Antiviral', 'Inhibition of Protease', 'Molluscicidal', 'Antiangiogenic', 'Anxiolytic', 'Antiallergenic', 'Inhibition of uncoupled electron transport', 'Inhibition of phosphorylating electron transport', 'Inhibition of basal electron transport', 'Inhibition of ATP synthesis', 'Insecticidal', 'Antibacterial', 'Antileishmanial', 'Cell growth inhbition', 'Antinociceptive', 'Antichagasic', 'Inhibition of Cathepsin L', 'Mutagenic', 'Genotoxic', 'Insect antennae response', 'Anesthetic', 'Inhibition of Cathepsin B']]",doi_bioActivity
"['10.1021/np1007476', 'Inhibition of Acetylcholinesterase']","['10.1021/np1007476', ['Antioxidant', 'Cytotoxic', 'Antitrypanosomal', 'Antifungal', 'Inhibition of Glycosidase', 'Inhibition of Acetylcholinesterase', 'Anticancer', 'Inhibition of Myeloperoxodase', 'Inhibition of Cathepsin V', 'Antimalarial', 'Antiallergenic', 'Anti-inflamatory', 'Anxiolytic', 'Antiangiogenic', 'Molluscicidal', 'Antileishmanial', 'Inhibition of uncoupled electron transport', 'Inhibition of phosphorylating electron transport', 'Inhibition of ATP synthesis', 'Inhibition of basal electron transport', 'Antibacterial', 'Inhibition of Protease', 'Antiviral', 'Insecticidal', 'Cell growth inhbition', 'Antinociceptive', 'Antichagasic', 'Inhibition of Cathepsin L', 'Mutagenic', 'Genotoxic', 'Insect antennae response', 'Anesthetic', 'Inhibition of Cathepsin B']]",doi_bioActivity
"['10.1590/S0100-40422004000200005', 'Cytotoxic']","['10.1590/S0100-40422004000200005', ['Insecticidal', 'Antifungal', 'Antitrypanosomal', 'Cytotoxic', 'Inhibition of Acetylcholinesterase', 'Antiangiogenic', 'Inhibition of Glycosidase', 'Anticancer', 'Antioxidant', 'Antiviral', 'Inhibition of Protease', 'Anxiolytic', 'Antiallergenic', 'Anti-inflamatory', 'Antimalarial', 'Inhibition of uncoupled electron transport', 'Inhibition of phosphorylating electron transport', 'Inhibition of ATP synthesis', 'Inhibition of basal electron transport', 'Cell growth inhbition', 'Inhibition of Cathepsin V', 'Antileishmanial', 'Molluscicidal', 'Antibacterial', 'Inhibition of Myeloperoxodase', 'Antinociceptive', 'Antichagasic', 'Inhibition of Cathepsin L', 'Mutagenic', 'Genotoxic', 'Insect antennae response', 'Anesthetic', 'Inhibition of Cathepsin B']]",doi_bioActivity
"['10.1016/S0031-9422(99)00132-6', 'Anticancer']","['10.1016/S0031-9422(99)00132-6', ['Antifungal', 'Cytotoxic', 'Antioxidant', 'Anti-inflamatory', 'Antitrypanosomal', 'Inhibition of Glycosidase', 'Anticancer', 'Inhibition of Acetylcholinesterase', 'Inhibition of Myeloperoxodase', 'Antimalarial', 'Antibacterial', 'Antiangiogenic', 'Molluscicidal', 'Antinociceptive', 'Inhibition of Cathepsin V', 'Antiallergenic', 'Inhibition of Protease', 'Antiviral', 'Inhibition of uncoupled electron transport', 'Inhibition of phosphorylating electron transport', 'Inhibition of basal electron transport', 'Inhibition of ATP synthesis', 'Insecticidal', 'Anxiolytic', 'Antileishmanial', 'Cell growth inhbition', 'Antichagasic', 'Inhibition of Cathepsin L', 'Mutagenic', 'Genotoxic', 'Insect antennae response', 'Anesthetic', 'Inhibition of Cathepsin B']]",doi_bioActivity
"['10.1021/np4006822', 'Antileishmanial']","['10.1021/np4006822', ['Antioxidant', 'Inhibition of Glycosidase', 'Antitrypanosomal', 'Cytotoxic', 'Inhibition of Acetylcholinesterase', 'Antimalarial', 'Antifungal', 'Inhibition of Myeloperoxodase', 'Anticancer', 'Inhibition of phosphorylating electron transport', 'Inhibition of uncoupled electron transport', 'Inhibition of ATP synthesis', 'Inhibition of basal electron transport', 'Antiangiogenic', 'Anti-inflamatory', 'Cell growth inhbition', 'Anxiolytic', 'Inhibition of Protease', 'Antiviral', 'Molluscicidal', 'Inhibition of Cathepsin V', 'Antiallergenic', 'Antileishmanial', 'Insecticidal', 'Antibacterial', 'Antinociceptive', 'Antichagasic', 'Inhibition of Cathepsin L', 'Mutagenic', 'Genotoxic', 'Insect antennae response', 'Anesthetic', 'Inhibition of Cathepsin B']]",doi_bioActivity
"['10.1016/S0031-9422(97)00238-0', 'Antifungal']","['10.1016/S0031-9422(97)00238-0', ['Antifungal', 'Cytotoxic', 'Antioxidant', 'Antitrypanosomal', 'Inhibition of Glycosidase', 'Inhibition of Acetylcholinesterase', 'Molluscicidal', 'Anticancer', 'Antimalarial', 'Inhibition of Myeloperoxodase', 'Antiangiogenic', 'Antiviral', 'Inhibition of Protease', 'Anti-inflamatory', 'Antiallergenic', 'Inhibition of Cathepsin V', 'Anxiolytic', 'Antibacterial', 'Insecticidal', 'Antileishmanial', 'Inhibition of uncoupled electron transport', 'Inhibition of phosphorylating electron transport', 'Inhibition of ATP synthesis', 'Inhibition of basal electron transport', 'Cell growth inhbition', 'Antinociceptive', 'Antichagasic', 'Inhibition of Cathepsin L', 'Mutagenic', 'Genotoxic', 'Insect antennae response', 'Anesthetic', 'Inhibition of Cathepsin B']]",doi_bioActivity
